開催＃,抽選日,#1,#2,#3,#4,#5,#6,#7,#8
51,2018-03-21,2,6,15,19,23,27,33,40
50,2018-03-14,2,7,11,18,24,30,32,38
49,2018-03-07,3,10,11,19,21,27,32,36
48,2018-02-28,1,7,12,20,24,26,31,39
47,2018-02-21,5,7,11,18,24,26,31,40
46,2018-02-14,3,6,14,18,22,30,31,39
45,2018-02-07,3,8,15,16,21,30,33,38
44,2018-01-31,1,6,15,16,24,27,33,39
43,2018-01-24,4,9,13,18,21,28,35,37
42,2018-01-17,3,7,11,19,21,30,31,36
41,2018-01-10,3,6,15,19,22,29,31,36
40,2018-01-03,5,10,13,19,21,30,32,36
39,2017-12-27,5,10,13,19,21,30,32,36
38,2017-12-20,2,8,13,20,23,30,31,38
37,2017-12-13,2,6,14,18,25,27,34,36
36,2017-12-06,5,6,13,16,22,26,35,39
35,2017-11-29,2,9,13,20,24,30,35,39
34,2017-11-22,5,7,15,17,21,28,32,38
33,2017-11-15,4,8,12,18,25,28,35,40
32,2017-11-08,4,6,15,18,23,30,32,36
31,2017-11-01,5,10,14,20,24,30,31,39
30,2017-10-25,3,10,11,16,21,26,35,38
29,2017-10-18,1,9,12,19,24,29,31,36
28,2017-10-11,1,7,15,17,21,29,34,40
27,2017-10-04,5,9,15,19,24,26,32,37
26,2017-09-27,3,9,13,20,22,29,35,38
25,2017-09-20,3,7,11,16,24,28,32,37
24,2017-09-13,2,6,15,18,21,28,32,37
23,2017-09-06,1,7,11,20,24,29,31,37
22,2017-08-30,1,9,14,16,21,29,34,40
21,2017-08-23,2,8,15,20,25,29,35,37
20,2017-08-16,4,9,15,19,22,28,34,39
19,2017-08-09,5,9,12,16,25,29,31,38
18,2017-08-02,5,9,12,20,24,27,35,38
17,2017-07-26,1,9,12,20,23,29,35,37
16,2017-07-19,3,9,14,20,21,29,31,36
15,2017-07-12,3,10,12,17,22,27,32,39
14,2017-07-05,1,10,13,19,21,28,34,39
13,2017-06-28,4,10,13,16,21,26,34,39
12,2017-06-21,1,10,11,17,24,30,35,36
11,2017-06-14,3,9,14,19,22,26,34,37
10,2017-06-07,2,6,15,16,25,29,35,36
9,2017-05-31,2,8,13,19,21,27,35,38
8,2017-05-24,2,10,15,20,21,28,31,39
7,2017-05-17,4,9,13,18,21,27,31,37
6,2017-05-10,1,9,12,19,21,26,31,39
5,2017-05-03,5,8,13,19,24,29,32,36
4,2017-04-26,2,7,13,19,21,30,33,38
3,2017-04-19,4,6,12,17,24,28,31,40
2,2017-04-12,1,6,15,18,21,30,35,38
1,2017-04-05,1,10,13,19,23,28,35,37
