開催＃,抽選日,#1,#2,#3,#4,#5
1062,2020/2/4,14,18,23,29,31
1061,2020/1/28,5,10,19,23,28
1060,2020/1/21,19,23,24,28,31
1059,2020/1/14,2,11,13,16,18
1058,2020/1/7,2,16,19,24,27
1057,2019/12/24,9,13,21,23,26
1056,2019/12/17,3,12,14,21,25
1055,2019/12/10,1,5,18,19,21
1054,2019/12/3,2,19,25,26,31
1053,2019/11/26,2,3,13,16,23
1052,2019/11/19,4,8,9,14,26
1051,2019/11/12,7,11,12,21,22
1050,2019/11/5,2,15,19,23,28
1049,2019/10/29,2,16,21,26,31
1048,2019/10/22,1,8,11,19,23
1047,2019/10/15,8,12,19,25,26
1046,2019/10/8,16,23,24,28,29
1045,2019/10/1,3,5,7,10,18
1044,2019/9/24,12,19,27,28,30
1043,2019/9/17,7,9,23,24,25
1042,2019/9/10,11,12,19,23,28
1041,2019/9/3,3,9,14,15,27
1040,2019/8/27,7,10,13,25,27
1039,2019/8/20,4,19,22,24,30
1038,2019/8/13,2,5,21,23,30
1037,2019/8/6,7,19,23,24,27
1036,2019/7/30,7,14,16,23,28
1035,2019/7/23,3,8,11,16,31
1034,2019/7/16,12,22,27,28,29
1033,2019/7/9,2,12,14,24,31
1032,2019/7/2,1,9,14,21,26
1031,2019/6/25,5,8,17,21,23
1030,2019/6/18,21,24,26,27,28
1029,2019/6/11,3,4,9,11,29
1028,2019/6/4,2,3,8,16,27
1027,2019/5/28,5,6,17,21,27
1026,2019/5/21,3,14,15,22,26
1025,2019/5/14,3,4,13,19,23
1024,2019/5/7,4,11,12,23,28
1023,2019/4/30,2,12,22,23,26
1022,2019/4/23,5,13,24,27,29
1021,2019/4/16,13,19,23,25,29
1020,2019/4/9,3,12,17,24,30
1019,2019/4/2,5,6,16,23,24
1018,2019/3/26,13,16,23,27,29
1017,2019/3/19,9,16,21,23,24
1016,2019/3/12,5,21,23,25,27
1015,2019/3/5,3,5,6,20,25
1014,2019/2/26,4,17,19,20,25
1013,2019/2/19,1,6,11,19,28
1012,2019/2/12,1,13,18,26,29
1011,2019/2/5,9,16,21,30,31
1010,2019/1/29,10,17,20,21,30
1009,2019/1/22,2,8,17,23,27
1008,2019/1/15,3,4,22,26,27
1007,2019/1/8,2,10,11,25,31
1006,2018/12/25,10,15,19,23,26
1005,2018/12/18,5,13,18,26,31
1004,2018/12/11,1,18,22,27,30
1003,2018/12/4,11,14,15,22,29
1002,2018/11/27,2,9,11,20,27
1001,2018/11/20,5,12,16,22,27
1000,2018/11/13,3,8,14,18,26
999,2018/11/6,6,17,18,20,29
998,2018/10/30,1,7,19,20,25
997,2018/10/23,1,3,8,11,14
996,2018/10/16,9,19,20,22,26
995,2018/10/9,1,5,14,21,30
994,2018/10/2,7,8,19,27,31
993,2018/9/25,1,4,24,29,30
992,2018/9/18,1,14,17,20,31
991,2018/9/11,1,3,9,15,30
990,2018/9/4,3,9,17,23,25
989,2018/8/28,2,7,10,16,30
988,2018/8/21,1,9,11,14,21
987,2018/8/14,6,13,15,17,21
986,2018/8/7,1,21,22,25,27
985,2018/7/31,5,11,16,17,26
984,2018/7/24,2,4,5,16,27
983,2018/7/17,6,10,12,15,23
982,2018/7/10,5,8,20,22,27
981,2018/7/3,10,11,19,28,30
980,2018/6/26,8,24,27,30,31
979,2018/6/19,1,10,23,25,28
978,2018/6/12,1,8,20,26,28
977,2018/6/5,9,17,21,22,23
976,2018/5/29,2,4,15,16,19
975,2018/5/22,10,18,19,28,29
974,2018/5/15,10,18,21,24,27
973,2018/5/8,1,7,12,13,31
972,2018/5/1,13,19,21,22,27
971,2018/4/24,7,17,18,20,24
970,2018/4/17,2,4,19,27,28
969,2018/4/10,1,4,18,24,27
968,2018/4/3,1,5,10,20,24
967,2018/3/27,4,7,11,14,31
966,2018/3/20,1,11,25,26,27
965,2018/3/13,7,13,15,19,28
964,2018/3/6,16,19,27,28,30
963,2018/2/27,4,7,17,21,28
962,2018/2/20,3,10,15,18,25
961,2018/2/13,2,11,18,20,29
960,2018/2/6,2,3,5,16,20
959,2018/1/30,2,3,9,14,19
958,2018/1/23,3,10,15,17,19
957,2018/1/16,2,15,26,29,31
956,2018/1/9,6,15,18,22,29
955,2017/12/26,9,12,17,21,30
954,2017/12/19,11,16,21,23,25
953,2017/12/12,4,5,9,22,29
952,2017/12/5,4,10,15,16,18
951,2017/11/28,3,9,12,26,27
950,2017/11/21,5,8,12,14,28
949,2017/11/14,1,2,5,6,21
948,2017/11/7,3,6,12,13,22
947,2017/10/31,3,7,19,24,27
946,2017/10/24,5,14,24,28,29
945,2017/10/17,14,17,21,25,31
944,2017/10/10,5,11,13,16,27
943,2017/10/3,4,11,18,28,30
942,2017/9/26,2,7,10,22,29
941,2017/9/19,3,11,12,15,28
940,2017/9/12,4,9,25,27,28
939,2017/9/5,8,12,20,23,28
938,2017/8/29,4,9,16,21,22
937,2017/8/22,5,12,13,15,24
936,2017/8/15,7,21,23,25,31
935,2017/8/8,3,11,13,20,31
934,2017/8/1,3,7,8,11,13
933,2017/7/25,3,4,22,26,29
932,2017/7/18,1,3,14,17,19
931,2017/7/11,2,3,18,24,25
930,2017/7/4,9,14,24,25,27
929,2017/6/27,2,4,5,11,20
928,2017/6/20,4,9,11,19,23
927,2017/6/13,1,6,7,17,18
926,2017/6/6,3,9,18,27,29
925,2017/5/30,9,14,19,27,30
924,2017/5/23,2,7,8,14,23
923,2017/5/16,8,20,21,22,27
922,2017/5/9,2,13,14,21,22
921,2017/5/2,6,8,10,14,30
920,2017/4/25,5,15,22,24,25
919,2017/4/18,4,7,9,15,23
918,2017/4/11,16,20,22,27,29
917,2017/4/4,1,9,10,24,27
916,2017/3/28,17,18,23,28,30
915,2017/3/21,14,22,24,26,27
914,2017/3/14,2,7,15,19,24
913,2017/3/7,2,9,17,21,23
912,2017/2/28,9,12,19,21,22
911,2017/2/21,2,3,4,13,16
910,2017/2/14,10,14,20,26,30
909,2017/2/7,3,12,14,20,27
908,2017/1/31,18,19,21,23,31
907,2017/1/24,3,4,10,22,31
906,2017/1/17,2,4,6,7,23
905,2017/1/10,4,17,18,22,27
904,2016/12/27,3,5,8,17,21
903,2016/12/20,2,5,21,24,29
902,2016/12/13,6,8,16,22,28
901,2016/12/6,2,10,13,23,24
900,2016/11/29,1,15,18,22,25
899,2016/11/22,1,7,19,20,31
898,2016/11/15,5,7,20,24,25
897,2016/11/8,16,17,18,23,31
896,2016/11/1,11,13,16,17,26
895,2016/10/25,7,8,9,11,14
894,2016/10/18,11,16,21,23,30
893,2016/10/11,11,14,20,22,25
892,2016/10/4,2,3,12,19,21
891,2016/9/27,10,17,29,30,31
890,2016/9/20,1,7,12,24,31
889,2016/9/13,5,6,12,17,22
888,2016/9/6,6,17,24,29,31
887,2016/8/30,3,4,19,28,29
886,2016/8/23,1,11,20,23,29
885,2016/8/16,9,17,21,24,27
884,2016/8/9,7,10,22,27,31
883,2016/8/2,1,17,18,21,25
882,2016/7/26,2,7,8,18,30
881,2016/7/19,10,11,17,29,30
880,2016/7/12,5,7,11,12,21
879,2016/7/5,2,13,24,27,31
878,2016/6/28,2,3,8,28,29
877,2016/6/21,5,14,20,22,23
876,2016/6/14,18,19,20,21,27
875,2016/6/7,2,3,8,11,28
874,2016/5/31,6,7,8,22,24
873,2016/5/24,4,6,10,23,29
872,2016/5/17,15,16,24,28,30
871,2016/5/10,4,17,24,27,31
870,2016/5/3,3,12,22,23,31
869,2016/4/26,2,14,16,19,30
868,2016/4/19,1,9,14,25,30
867,2016/4/12,13,23,24,28,30
866,2016/4/5,4,16,18,26,28
865,2016/3/29,3,8,16,17,31
864,2016/3/22,14,18,26,28,30
863,2016/3/15,1,2,11,27,28
862,2016/3/8,3,7,9,13,23
861,2016/3/1,4,8,12,17,27
860,2016/2/23,8,9,21,30,31
859,2016/2/16,13,17,19,28,31
858,2016/2/9,6,14,15,25,26
857,2016/2/2,2,4,21,24,28
856,2016/1/26,1,10,15,24,29
855,2016/1/19,2,7,17,22,24
854,2016/1/12,3,16,22,23,31
853,2016/1/5,6,11,17,18,30
852,2015/12/29,2,9,15,18,22
851,2015/12/22,10,19,20,24,31
850,2015/12/15,1,2,13,15,18
849,2015/12/8,4,14,17,19,20
848,2015/12/1,2,3,22,29,31
847,2015/11/24,7,18,19,21,31
846,2015/11/17,1,17,27,30,31
845,2015/11/10,3,10,22,24,30
844,2015/11/3,3,11,14,22,26
843,2015/10/27,2,14,23,28,30
842,2015/10/20,9,18,20,24,25
841,2015/10/13,5,6,7,13,18
840,2015/10/6,1,5,11,15,31
839,2015/9/29,2,6,14,27,30
838,2015/9/22,4,6,11,12,15
837,2015/9/15,4,5,9,24,25
836,2015/9/8,5,15,20,28,29
835,2015/9/1,1,9,11,23,29
834,2015/8/25,5,13,21,25,26
833,2015/8/18,6,9,15,24,28
832,2015/8/11,9,10,15,19,31
831,2015/8/4,7,9,17,19,21
830,2015/7/28,5,6,20,23,29
829,2015/7/21,8,12,19,23,31
828,2015/7/14,2,8,11,15,26
827,2015/7/7,3,4,6,23,31
826,2015/6/30,1,8,21,23,27
825,2015/6/23,3,8,12,21,26
824,2015/6/16,4,16,22,28,29
823,2015/6/9,6,10,14,18,23
822,2015/6/2,7,8,10,17,28
821,2015/5/26,6,8,18,21,23
820,2015/5/19,8,12,20,21,31
819,2015/5/12,2,9,14,15,24
818,2015/5/5,5,9,14,16,18
817,2015/4/28,1,10,23,27,29
816,2015/4/21,1,5,7,14,18
815,2015/4/14,20,21,26,27,28
814,2015/4/7,2,3,12,25,31
813,2015/3/31,3,6,9,14,15
812,2015/3/24,2,16,17,22,25
811,2015/3/17,8,9,10,13,21
810,2015/3/10,6,12,15,16,31
809,2015/3/3,2,8,11,13,25
808,2015/2/24,8,9,26,27,30
807,2015/2/17,5,7,13,17,19
806,2015/2/10,3,11,21,23,28
805,2015/2/3,8,9,11,17,30
804,2015/1/27,7,8,9,12,29
803,2015/1/20,2,4,18,19,27
802,2015/1/13,5,9,21,29,31
801,2015/1/6,5,7,20,22,25
800,2014/12/30,1,19,20,22,25
799,2014/12/23,1,2,17,19,26
798,2014/12/16,3,8,10,23,27
797,2014/12/9,8,9,29,30,31
796,2014/12/2,3,10,19,21,30
795,2014/11/25,2,6,11,14,18
794,2014/11/18,3,4,8,10,31
793,2014/11/11,6,10,18,20,31
792,2014/11/4,12,13,15,18,22
791,2014/10/28,6,16,18,30,31
790,2014/10/21,11,13,15,19,21
789,2014/10/14,4,5,11,16,31
788,2014/10/7,1,21,28,29,30
787,2014/9/30,11,15,22,26,31
786,2014/9/23,5,6,21,28,29
785,2014/9/16,7,21,22,26,28
784,2014/9/9,14,19,21,25,29
783,2014/9/2,4,5,10,15,20
782,2014/8/26,4,7,9,14,21
781,2014/8/19,2,7,10,21,24
780,2014/8/12,13,15,16,18,20
779,2014/8/5,1,8,9,10,13
778,2014/7/29,10,13,14,26,30
777,2014/7/22,4,10,20,22,24
776,2014/7/15,6,14,15,18,31
775,2014/7/8,5,6,14,24,31
774,2014/7/1,5,6,9,20,30
773,2014/6/24,1,2,6,11,26
772,2014/6/17,11,14,15,21,27
771,2014/6/10,7,11,22,26,30
770,2014/6/3,12,18,19,22,30
769,2014/5/27,3,11,15,22,24
768,2014/5/20,2,3,23,24,27
767,2014/5/13,6,8,10,25,31
766,2014/5/6,5,8,12,16,28
765,2014/4/29,16,19,20,22,31
764,2014/4/22,1,2,7,10,11
763,2014/4/15,3,5,12,14,18
762,2014/4/8,2,3,8,10,29
761,2014/4/1,7,14,16,21,31
760,2014/3/25,1,7,14,25,30
759,2014/3/18,8,18,23,24,30
758,2014/3/11,8,14,19,22,24
757,2014/3/4,12,15,21,25,27
756,2014/2/25,5,8,9,27,30
755,2014/2/18,20,21,22,25,27
754,2014/2/11,11,12,24,25,30
753,2014/2/4,2,10,20,23,24
752,2014/1/28,11,23,26,27,31
751,2014/1/21,7,15,18,19,30
750,2014/1/14,2,5,9,13,19
749,2014/1/7,1,11,14,16,30
748,2013/12/24,2,6,7,11,15
747,2013/12/17,1,12,23,29,30
746,2013/12/10,2,10,15,18,20
745,2013/12/3,3,10,13,14,22
744,2013/11/26,2,4,5,14,24
743,2013/11/19,4,15,18,20,30
742,2013/11/12,3,5,16,26,31
741,2013/11/5,6,11,12,15,25
740,2013/10/29,2,4,19,25,28
739,2013/10/22,1,4,19,24,31
738,2013/10/15,7,11,14,23,29
737,2013/10/8,5,12,18,19,23
736,2013/10/1,2,14,17,20,27
735,2013/9/24,3,14,16,23,30
734,2013/9/17,6,8,10,12,13
733,2013/9/10,5,9,11,18,20
732,2013/9/3,4,6,16,29,31
731,2013/8/27,7,9,18,28,30
730,2013/8/20,3,5,7,14,22
729,2013/8/13,13,16,17,20,29
728,2013/8/6,1,9,11,13,28
727,2013/7/30,4,7,14,16,24
726,2013/7/23,1,2,16,18,25
725,2013/7/16,6,11,26,28,30
724,2013/7/9,7,14,17,22,29
723,2013/7/2,4,7,9,25,31
722,2013/6/25,4,6,17,21,30
721,2013/6/18,3,5,12,15,22
720,2013/6/11,5,11,17,19,20
719,2013/6/4,2,9,18,22,27
718,2013/5/28,2,11,16,19,24
717,2013/5/21,3,5,14,23,26
716,2013/5/14,13,18,19,20,24
715,2013/5/7,2,3,5,9,22
714,2013/4/30,6,10,20,22,31
713,2013/4/23,4,13,22,28,31
712,2013/4/16,3,7,18,27,31
711,2013/4/9,3,5,10,17,25
710,2013/4/2,2,15,18,25,26
709,2013/3/26,2,5,16,17,18
708,2013/3/19,10,11,20,28,29
707,2013/3/12,2,11,23,27,29
706,2013/3/5,4,6,15,16,29
705,2013/2/26,8,16,18,21,22
704,2013/2/19,2,11,21,24,25
703,2013/2/12,3,10,16,28,31
702,2013/2/5,10,12,13,20,23
701,2013/1/29,4,8,13,15,26
700,2013/1/22,6,8,9,21,26
699,2013/1/15,6,12,21,24,28
698,2013/1/8,2,3,5,14,24
697,2012/12/25,5,7,17,25,27
696,2012/12/18,5,9,15,19,30
695,2012/12/11,4,19,20,27,28
694,2012/12/4,5,12,15,16,20
693,2012/11/27,5,17,21,24,25
692,2012/11/20,9,13,14,23,31
691,2012/11/13,3,9,10,20,25
690,2012/11/6,11,16,22,23,25
689,2012/10/30,12,13,19,23,25
688,2012/10/23,4,5,9,15,26
687,2012/10/16,2,9,17,24,29
686,2012/10/9,3,5,7,10,18
685,2012/10/2,8,11,19,21,30
684,2012/9/25,10,12,13,19,25
683,2012/9/18,1,7,15,23,26
682,2012/9/11,4,8,20,25,27
681,2012/9/4,6,12,17,19,30
680,2012/8/28,2,3,11,15,24
679,2012/8/21,5,11,23,29,31
678,2012/8/14,15,17,21,24,25
677,2012/8/7,10,16,23,24,30
676,2012/7/31,4,6,18,22,28
675,2012/7/24,6,21,27,28,31
674,2012/7/17,1,2,3,24,25
673,2012/7/10,6,12,21,24,25
672,2012/7/3,3,8,20,22,28
671,2012/6/26,7,14,19,22,27
670,2012/6/19,4,6,26,27,29
669,2012/6/12,4,7,8,25,31
668,2012/6/5,7,9,16,27,29
667,2012/5/29,8,9,19,26,31
666,2012/5/22,10,11,17,24,29
665,2012/5/15,7,12,17,20,28
664,2012/5/8,6,9,11,16,29
663,2012/5/1,1,9,10,21,31
662,2012/4/24,7,9,15,28,31
661,2012/4/17,2,6,9,19,20
660,2012/4/10,7,12,15,30,31
659,2012/4/3,5,9,22,30,31
658,2012/3/27,7,8,11,15,26
657,2012/3/20,9,14,18,23,30
656,2012/3/13,4,10,15,22,23
655,2012/3/6,7,9,12,14,18
654,2012/2/28,6,11,22,25,27
653,2012/2/21,11,16,20,22,30
652,2012/2/14,2,5,19,28,29
651,2012/2/7,8,11,15,20,31
650,2012/1/31,4,11,18,24,26
649,2012/1/24,3,11,18,19,21
648,2012/1/17,6,13,18,19,21
647,2012/1/10,3,6,7,10,21
646,2011/12/27,3,6,16,30,31
645,2011/12/20,8,13,18,19,24
644,2011/12/13,5,13,15,20,27
643,2011/12/6,9,11,17,19,22
642,2011/11/29,9,22,26,27,31
641,2011/11/22,5,11,14,17,22
640,2011/11/15,6,15,18,28,31
639,2011/11/8,6,14,20,29,31
638,2011/11/1,1,16,18,27,30
637,2011/10/25,1,5,10,15,21
636,2011/10/18,8,13,21,26,30
635,2011/10/11,12,13,16,20,29
634,2011/10/4,6,14,24,27,31
633,2011/9/27,2,12,19,20,30
632,2011/9/20,6,14,15,25,26
631,2011/9/13,3,15,18,20,25
630,2011/9/6,3,4,16,19,31
629,2011/8/30,1,3,16,26,29
628,2011/8/23,1,2,10,17,20
627,2011/8/16,6,10,14,15,20
626,2011/8/9,11,12,14,17,26
625,2011/8/2,19,20,23,26,31
624,2011/7/26,5,7,11,12,24
623,2011/7/19,4,9,14,15,26
622,2011/7/12,13,14,20,25,27
621,2011/7/5,6,12,18,24,30
620,2011/6/28,2,14,21,25,31
619,2011/6/21,4,7,14,20,30
618,2011/6/14,10,12,14,22,31
617,2011/6/7,3,9,16,19,28
616,2011/5/31,7,18,21,27,28
615,2011/5/24,4,12,13,19,20
614,2011/5/17,7,16,23,25,30
613,2011/5/10,2,16,17,20,28
612,2011/5/3,11,18,24,27,30
611,2011/4/26,12,18,21,25,30
610,2011/4/19,3,8,14,17,30
609,2011/4/12,3,14,21,26,30
608,2011/4/5,13,19,21,25,29
607,2011/3/29,7,8,12,18,30
606,2011/3/22,9,20,23,30,31
605,2011/3/15,5,6,13,19,28
604,2011/3/8,2,11,13,22,25
603,2011/3/1,4,5,26,28,30
602,2011/2/22,3,14,18,22,25
601,2011/2/15,10,14,15,16,24
600,2011/2/8,1,2,3,4,22
599,2011/2/1,3,7,10,11,29
598,2011/1/25,4,15,21,26,30
597,2011/1/18,2,13,16,17,19
596,2011/1/11,6,9,10,14,27
595,2011/1/4,7,11,15,20,23
594,2010/12/28,2,5,10,22,30
593,2010/12/21,11,14,22,28,29
592,2010/12/14,5,6,23,25,26
591,2010/12/7,4,8,9,13,19
590,2010/11/30,4,7,11,17,19
589,2010/11/23,3,10,13,22,26
588,2010/11/16,4,11,18,26,31
587,2010/11/9,11,17,19,29,30
586,2010/11/2,1,5,6,10,15
585,2010/10/26,14,19,23,24,31
584,2010/10/19,6,9,11,14,22
583,2010/10/12,1,3,10,11,16
582,2010/10/5,3,14,22,24,30
581,2010/9/28,2,6,12,14,30
580,2010/9/21,1,4,14,15,26
579,2010/9/14,1,4,15,17,23
578,2010/9/7,5,11,16,19,30
577,2010/8/31,5,10,21,24,25
576,2010/8/24,6,8,10,21,23
575,2010/8/17,10,16,20,21,27
574,2010/8/10,3,7,8,13,15
573,2010/8/3,15,21,22,23,29
572,2010/7/27,1,6,18,23,29
571,2010/7/20,9,22,27,28,29
570,2010/7/13,1,2,5,6,10
569,2010/7/6,10,17,23,26,28
568,2010/6/29,8,12,16,24,30
567,2010/6/22,10,12,20,24,25
566,2010/6/15,3,8,23,28,30
565,2010/6/8,18,19,20,28,29
564,2010/6/1,9,17,19,22,29
563,2010/5/25,4,5,18,19,30
562,2010/5/18,2,7,12,15,17
561,2010/5/11,1,5,6,16,25
560,2010/5/4,11,13,17,29,30
559,2010/4/27,2,4,7,11,16
558,2010/4/20,4,10,16,22,30
557,2010/4/13,8,18,21,22,28
556,2010/4/6,4,6,16,17,24
555,2010/3/30,1,15,18,24,29
554,2010/3/23,2,6,23,24,28
553,2010/3/16,2,13,23,24,30
552,2010/3/9,7,11,14,17,28
551,2010/3/2,1,2,10,24,31
550,2010/2/23,8,16,22,28,31
549,2010/2/16,10,12,19,24,25
548,2010/2/9,5,6,16,23,29
547,2010/2/2,5,23,25,29,31
546,2010/1/26,3,8,19,22,29
545,2010/1/19,1,15,23,28,29
544,2010/1/12,3,9,18,29,30
543,2010/1/5,4,7,17,22,25
542,2009/12/29,3,9,11,20,27
541,2009/12/22,1,9,10,16,23
540,2009/12/15,2,19,22,27,29
539,2009/12/8,9,18,23,26,29
538,2009/12/1,8,10,13,20,21
537,2009/11/24,9,10,27,29,30
536,2009/11/17,14,18,20,22,24
535,2009/11/10,18,20,23,24,31
534,2009/11/3,7,22,25,26,30
533,2009/10/27,6,13,19,23,31
532,2009/10/20,5,10,21,27,28
531,2009/10/13,13,21,22,26,27
530,2009/10/6,2,3,5,16,19
529,2009/9/29,5,7,14,16,20
528,2009/9/22,2,11,14,15,21
527,2009/9/15,11,13,15,23,25
526,2009/9/8,4,5,16,21,31
525,2009/9/1,1,14,21,25,27
524,2009/8/25,7,10,17,22,24
523,2009/8/18,8,17,18,19,24
522,2009/8/11,4,19,22,23,27
521,2009/8/4,4,9,14,25,26
520,2009/7/28,2,3,11,14,30
519,2009/7/21,2,9,25,29,31
518,2009/7/14,11,16,18,20,27
517,2009/7/7,12,26,28,29,30
516,2009/6/30,3,12,14,15,26
515,2009/6/23,5,21,24,25,26
514,2009/6/16,15,16,21,25,30
513,2009/6/9,3,11,18,19,25
512,2009/6/2,8,14,25,29,30
511,2009/5/26,13,16,26,28,31
510,2009/5/19,18,19,21,23,30
509,2009/5/12,2,13,22,29,30
508,2009/5/5,3,6,9,14,25
507,2009/4/28,10,19,26,27,28
506,2009/4/21,4,14,15,23,24
505,2009/4/14,5,16,19,20,22
504,2009/4/7,8,10,24,28,31
503,2009/3/31,11,18,21,23,27
502,2009/3/24,2,3,5,13,14
501,2009/3/17,12,13,16,17,21
500,2009/3/10,19,20,23,25,28
499,2009/3/3,2,8,14,15,26
498,2009/2/24,2,15,20,23,30
497,2009/2/17,4,21,23,27,28
496,2009/2/10,4,10,11,22,30
495,2009/2/3,7,10,22,26,27
494,2009/1/27,2,10,14,26,28
493,2009/1/20,1,11,12,13,17
492,2009/1/13,3,8,9,11,20
491,2009/1/6,8,10,16,20,23
490,2008/12/30,7,9,13,21,24
489,2008/12/23,2,4,9,22,31
488,2008/12/16,10,15,17,23,29
487,2008/12/9,15,17,20,22,29
486,2008/12/2,5,8,20,22,26
485,2008/11/25,3,8,10,15,31
484,2008/11/18,1,3,4,19,29
483,2008/11/11,7,20,23,27,29
482,2008/11/4,2,16,20,24,29
481,2008/10/28,3,7,13,16,25
480,2008/10/21,5,7,18,25,31
479,2008/10/14,14,22,26,27,29
478,2008/10/7,3,17,18,22,25
477,2008/9/30,1,4,13,20,28
476,2008/9/23,3,10,12,20,24
475,2008/9/16,8,9,12,14,24
474,2008/9/9,5,12,14,18,23
473,2008/9/2,4,5,18,20,26
472,2008/8/26,4,15,17,20,21
471,2008/8/19,13,17,20,23,30
470,2008/8/12,11,15,22,30,31
469,2008/8/5,5,9,12,16,19
468,2008/7/29,7,8,13,24,27
467,2008/7/22,1,2,13,15,23
466,2008/7/15,15,16,19,20,29
465,2008/7/8,13,18,21,25,28
464,2008/7/1,1,12,16,22,28
463,2008/6/24,12,13,16,21,23
462,2008/6/17,4,19,22,25,29
461,2008/6/10,6,12,17,20,26
460,2008/6/3,10,11,25,27,30
459,2008/5/27,12,13,26,27,29
458,2008/5/20,6,8,15,24,31
457,2008/5/13,2,16,17,22,28
456,2008/5/6,6,8,10,16,20
455,2008/4/29,1,10,16,24,26
454,2008/4/22,2,5,13,20,24
453,2008/4/15,4,7,12,17,27
452,2008/4/8,2,12,16,18,30
451,2008/4/1,3,7,12,14,16
450,2008/3/25,2,5,8,13,27
449,2008/3/18,7,8,10,11,20
448,2008/3/11,1,7,12,17,18
447,2008/3/4,14,17,20,25,26
446,2008/2/26,10,11,15,16,17
445,2008/2/19,7,16,18,26,31
444,2008/2/12,1,11,17,30,31
443,2008/2/5,5,17,22,23,30
442,2008/1/29,5,8,19,24,30
441,2008/1/22,6,8,19,28,30
440,2008/1/15,5,12,13,21,30
439,2008/1/8,10,17,19,21,23
438,2007/12/25,1,2,10,13,21
437,2007/12/18,9,13,15,28,31
436,2007/12/11,7,8,18,21,24
435,2007/12/4,8,19,22,25,27
434,2007/11/27,1,6,10,11,22
433,2007/11/20,1,12,17,20,27
432,2007/11/13,3,9,14,22,25
431,2007/11/6,3,12,14,24,25
430,2007/10/30,3,7,16,18,21
429,2007/10/23,11,18,22,26,30
428,2007/10/16,11,20,24,27,29
427,2007/10/9,9,14,19,20,26
426,2007/10/2,3,15,17,21,26
425,2007/9/25,4,10,20,25,28
424,2007/9/18,3,4,8,11,31
423,2007/9/11,8,14,16,24,31
422,2007/9/4,10,12,15,21,27
421,2007/8/28,11,14,24,28,29
420,2007/8/21,2,10,13,23,27
419,2007/8/14,5,12,19,20,27
418,2007/8/7,13,16,22,27,30
417,2007/7/31,3,9,12,23,24
416,2007/7/24,4,6,13,15,22
415,2007/7/17,11,16,24,28,30
414,2007/7/10,5,7,10,20,27
413,2007/7/3,8,14,21,23,29
412,2007/6/26,1,5,6,9,23
411,2007/6/19,5,8,12,19,22
410,2007/6/12,3,10,19,20,31
409,2007/6/5,2,11,19,27,28
408,2007/5/29,7,12,22,26,30
407,2007/5/22,5,15,21,22,31
406,2007/5/15,5,13,19,28,29
405,2007/5/8,8,9,13,27,31
404,2007/5/1,1,8,11,26,28
403,2007/4/24,2,5,16,30,31
402,2007/4/17,10,20,22,24,27
401,2007/4/10,11,13,18,26,30
400,2007/4/3,12,20,22,24,25
399,2007/3/27,7,13,23,27,31
398,2007/3/20,10,17,25,27,31
397,2007/3/13,1,14,17,24,25
396,2007/3/6,1,6,21,25,28
395,2007/2/27,6,21,22,23,31
394,2007/2/20,2,5,21,27,31
393,2007/2/13,15,17,18,22,30
392,2007/2/6,3,13,15,25,30
391,2007/1/30,1,10,15,30,31
390,2007/1/23,11,14,23,29,30
389,2007/1/16,8,11,13,27,30
388,2007/1/9,4,8,19,27,31
387,2006/12/26,16,26,28,29,30
386,2006/12/19,1,3,5,7,23
385,2006/12/12,6,14,20,24,27
384,2006/12/5,4,9,15,25,29
383,2006/11/28,4,7,9,17,31
382,2006/11/21,7,9,11,14,23
381,2006/11/14,3,9,19,22,23
380,2006/11/7,2,11,12,17,31
379,2006/10/31,2,8,15,19,28
378,2006/10/24,6,8,15,21,24
377,2006/10/17,1,12,20,21,30
376,2006/10/10,7,13,21,25,28
375,2006/10/3,1,10,20,23,24
374,2006/9/26,9,17,27,28,29
373,2006/9/19,3,5,11,12,29
372,2006/9/12,1,5,22,25,30
371,2006/9/5,10,12,19,23,31
370,2006/8/29,10,12,16,26,28
369,2006/8/22,4,10,23,29,30
368,2006/8/15,1,8,17,28,29
367,2006/8/8,4,6,14,19,31
366,2006/8/1,2,11,14,19,30
365,2006/7/25,6,10,18,27,28
364,2006/7/18,5,9,13,20,23
363,2006/7/11,4,10,12,17,22
362,2006/7/4,4,17,19,20,31
361,2006/6/27,2,4,6,12,30
360,2006/6/20,6,11,20,27,28
359,2006/6/13,3,11,15,18,19
358,2006/6/6,4,13,18,27,31
357,2006/5/30,15,24,26,28,29
356,2006/5/23,6,11,17,19,22
355,2006/5/16,8,9,24,27,29
354,2006/5/9,3,6,17,19,30
353,2006/5/2,3,13,14,17,25
352,2006/4/25,5,7,14,17,30
351,2006/4/18,3,6,11,12,27
350,2006/4/11,3,9,22,24,28
349,2006/4/4,3,5,6,7,12
348,2006/3/28,8,9,11,12,18
347,2006/3/21,10,11,20,23,27
346,2006/3/14,4,14,18,26,31
345,2006/3/7,7,14,16,17,29
344,2006/2/28,4,9,13,21,23
343,2006/2/21,6,10,15,27,30
342,2006/2/14,2,15,24,25,27
341,2006/2/7,2,5,17,18,26
340,2006/1/31,10,14,18,23,25
339,2006/1/24,4,9,11,15,23
338,2006/1/17,1,3,19,21,27
337,2006/1/10,4,7,21,22,23
336,2005/12/27,10,14,20,27,28
335,2005/12/20,14,16,23,25,31
334,2005/12/13,7,12,22,23,25
333,2005/12/6,19,21,22,26,28
332,2005/11/29,4,9,24,28,29
331,2005/11/22,6,19,21,29,30
330,2005/11/15,3,13,15,19,24
329,2005/11/8,5,14,15,17,29
328,2005/11/1,1,2,11,12,18
327,2005/10/25,8,14,19,25,28
326,2005/10/18,1,3,6,11,25
325,2005/10/11,8,11,13,15,28
324,2005/10/4,5,6,13,29,30
323,2005/9/27,5,15,19,22,27
322,2005/9/20,5,8,10,28,31
321,2005/9/13,2,11,18,21,27
320,2005/9/6,6,7,13,28,30
319,2005/8/30,3,20,21,22,27
318,2005/8/23,9,18,19,30,31
317,2005/8/16,8,10,11,22,23
316,2005/8/9,24,25,28,29,30
315,2005/8/2,7,11,15,28,31
314,2005/7/26,2,7,16,18,20
313,2005/7/19,1,7,26,27,31
312,2005/7/12,7,12,17,18,21
311,2005/7/5,2,17,19,28,29
310,2005/6/28,6,14,17,24,25
309,2005/6/21,8,14,17,22,23
308,2005/6/14,1,13,17,22,27
307,2005/6/7,2,10,15,21,28
306,2005/5/31,17,20,23,24,31
305,2005/5/24,10,11,13,16,24
304,2005/5/17,3,10,11,14,20
303,2005/5/10,13,14,16,19,25
302,2005/5/3,6,7,9,14,20
301,2005/4/26,5,11,16,26,31
300,2005/4/19,10,13,16,22,28
299,2005/4/12,2,9,15,26,31
298,2005/4/5,8,10,12,15,22
297,2005/3/29,5,9,18,25,30
296,2005/3/22,8,14,18,24,29
295,2005/3/15,8,14,16,17,26
294,2005/3/8,14,23,26,29,31
293,2005/3/1,14,15,16,24,25
292,2005/2/22,2,7,13,25,31
291,2005/2/15,4,8,21,23,26
290,2005/2/8,3,8,11,23,30
289,2005/2/1,5,6,11,24,28
288,2005/1/25,6,16,21,29,31
287,2005/1/18,2,7,14,19,21
286,2005/1/11,14,15,20,22,30
285,2005/1/4,8,17,19,24,26
284,2004/12/28,1,5,8,11,18
283,2004/12/21,11,15,19,20,29
282,2004/12/14,1,2,18,27,29
281,2004/12/7,5,7,11,13,21
280,2004/11/30,4,9,13,15,19
279,2004/11/23,2,7,19,23,25
278,2004/11/16,8,12,13,14,24
277,2004/11/9,4,14,16,19,22
276,2004/11/2,12,16,19,20,23
275,2004/10/26,11,16,17,21,22
274,2004/10/19,7,8,9,16,25
273,2004/10/12,3,5,7,11,17
272,2004/10/5,4,16,21,28,29
271,2004/9/28,6,13,15,24,31
270,2004/9/21,9,10,11,14,19
269,2004/9/14,3,7,20,23,29
268,2004/9/7,17,18,20,27,31
267,2004/8/31,8,14,15,19,25
266,2004/8/24,3,8,25,28,31
265,2004/8/17,1,3,24,26,28
264,2004/8/10,2,4,7,25,30
263,2004/8/3,15,25,28,30,31
262,2004/7/27,5,19,23,27,28
261,2004/7/20,2,3,5,14,29
260,2004/7/13,6,7,17,19,23
259,2004/7/6,5,7,11,12,23
258,2004/6/29,4,6,9,19,22
257,2004/6/22,2,9,12,20,31
256,2004/6/15,5,9,15,16,27
255,2004/6/8,12,17,20,27,29
254,2004/6/1,3,7,22,25,29
253,2004/5/25,1,3,10,21,25
252,2004/5/18,12,18,24,27,31
251,2004/5/11,1,3,19,20,23
250,2004/5/4,1,3,11,12,31
249,2004/4/27,9,11,12,18,20
248,2004/4/20,4,13,16,24,29
247,2004/4/13,7,11,19,27,31
246,2004/4/6,1,12,15,20,23
245,2004/3/30,1,10,14,21,28
244,2004/3/23,6,11,21,22,25
243,2004/3/16,4,11,15,27,28
242,2004/3/9,5,12,23,27,31
241,2004/3/2,1,2,4,13,26
240,2004/2/24,2,6,14,28,29
239,2004/2/17,16,18,21,23,27
238,2004/2/10,13,15,17,22,25
237,2004/2/3,6,8,17,18,28
236,2004/1/27,14,17,23,24,29
235,2004/1/20,5,6,16,17,31
234,2004/1/13,16,18,22,23,26
233,2004/1/6,8,14,19,21,29
232,2003/12/30,3,12,20,24,26
231,2003/12/23,3,4,10,11,24
230,2003/12/16,4,16,17,25,26
229,2003/12/9,12,19,23,24,30
228,2003/12/2,10,17,21,24,27
227,2003/11/25,2,4,7,21,30
226,2003/11/18,4,12,14,26,30
225,2003/11/11,13,14,18,24,26
224,2003/11/4,12,16,27,30,31
223,2003/10/28,4,10,16,19,22
222,2003/10/21,10,18,21,26,28
221,2003/10/14,4,8,14,22,26
220,2003/10/7,9,10,11,21,29
219,2003/9/30,1,15,17,21,28
218,2003/9/23,9,16,24,25,29
217,2003/9/16,2,8,17,19,23
216,2003/9/9,3,7,13,16,17
215,2003/9/2,4,15,20,21,28
214,2003/8/26,2,8,16,18,28
213,2003/8/19,1,2,3,9,29
212,2003/8/12,1,5,10,14,30
211,2003/8/5,9,10,13,18,22
210,2003/7/29,9,10,18,19,29
209,2003/7/22,7,17,23,27,29
208,2003/7/15,6,10,13,16,17
207,2003/7/8,3,4,10,16,25
206,2003/7/1,6,8,12,27,31
205,2003/6/24,3,4,13,14,23
204,2003/6/17,7,18,22,24,29
203,2003/6/10,4,10,18,22,25
202,2003/6/3,6,10,11,18,31
201,2003/5/27,3,5,23,25,26
200,2003/5/20,1,4,12,13,18
199,2003/5/13,1,9,21,26,29
198,2003/5/6,13,20,21,25,28
197,2003/4/29,8,18,20,21,31
196,2003/4/22,2,4,14,21,22
195,2003/4/15,1,2,6,15,23
194,2003/4/8,3,6,15,17,23
193,2003/4/1,6,8,18,20,22
192,2003/3/25,6,7,10,11,17
191,2003/3/18,1,6,8,12,13
190,2003/3/11,4,5,21,27,29
189,2003/3/4,9,16,22,25,26
188,2003/2/25,7,16,24,25,28
187,2003/2/18,4,6,17,24,25
186,2003/2/11,8,12,20,21,25
185,2003/2/4,7,19,20,25,28
184,2003/1/28,2,10,23,30,31
183,2003/1/21,3,9,13,25,26
182,2003/1/14,2,10,14,23,24
181,2003/1/7,1,3,14,16,26
180,2002/12/24,17,18,19,21,28
179,2002/12/17,1,7,26,30,31
178,2002/12/10,3,24,26,28,31
177,2002/12/3,7,13,17,21,30
176,2002/11/26,12,14,24,26,30
175,2002/11/19,8,12,17,19,24
174,2002/11/12,1,3,8,21,22
173,2002/11/5,11,18,20,22,29
172,2002/10/29,1,4,14,21,28
171,2002/10/22,2,6,9,12,31
170,2002/10/15,2,7,14,20,22
169,2002/10/8,8,15,18,25,31
168,2002/10/1,2,8,11,16,30
167,2002/9/24,11,19,20,25,26
166,2002/9/17,8,13,21,24,28
165,2002/9/10,9,16,24,25,26
164,2002/9/3,7,9,16,26,30
163,2002/8/27,1,12,13,16,28
162,2002/8/20,6,14,17,23,31
161,2002/8/13,2,3,4,17,19
160,2002/8/6,4,23,24,30,31
159,2002/7/30,7,11,16,23,24
158,2002/7/23,3,14,16,20,31
157,2002/7/16,1,5,14,18,20
156,2002/7/9,2,3,13,19,31
155,2002/7/2,9,10,16,21,23
154,2002/6/25,2,10,16,19,22
153,2002/6/18,2,3,8,23,29
152,2002/6/11,1,2,11,22,30
151,2002/6/4,4,10,13,14,19
150,2002/5/28,2,11,16,24,26
149,2002/5/21,5,6,17,27,28
148,2002/5/14,2,7,19,26,31
147,2002/5/7,5,10,21,27,28
146,2002/4/30,1,6,11,12,18
145,2002/4/23,13,14,19,24,28
144,2002/4/16,4,13,14,19,28
143,2002/4/9,17,18,20,23,26
142,2002/4/2,10,11,24,25,30
141,2002/3/26,4,6,9,20,24
140,2002/3/19,8,9,17,20,29
139,2002/3/12,14,17,20,26,28
138,2002/3/5,1,4,21,30,31
137,2002/2/26,3,15,20,25,28
136,2002/2/19,5,11,14,18,28
135,2002/2/12,4,7,8,9,24
134,2002/2/5,4,5,13,16,18
133,2002/1/29,4,7,11,18,31
132,2002/1/22,7,13,17,19,24
131,2002/1/15,1,9,12,18,21
130,2002/1/8,3,4,11,17,26
129,2001/12/25,2,13,20,25,30
128,2001/12/18,3,6,22,24,27
127,2001/12/11,8,9,18,29,31
126,2001/12/4,7,16,18,22,25
125,2001/11/27,2,21,22,27,29
124,2001/11/20,5,7,17,19,27
123,2001/11/13,1,5,6,13,15
122,2001/11/6,1,8,23,27,28
121,2001/10/30,5,17,18,24,30
120,2001/10/23,8,12,14,18,27
119,2001/10/16,12,14,25,29,30
118,2001/10/9,2,4,12,20,23
117,2001/10/2,5,11,12,23,24
116,2001/9/25,2,7,13,18,23
115,2001/9/18,10,15,29,30,31
114,2001/9/11,3,5,6,7,11
113,2001/9/4,1,2,6,16,28
112,2001/8/28,5,7,15,26,27
111,2001/8/21,10,19,24,27,31
110,2001/8/14,3,7,13,22,27
109,2001/8/7,3,5,15,19,22
108,2001/7/31,6,10,20,27,29
107,2001/7/24,4,8,12,26,27
106,2001/7/17,3,5,11,12,18
105,2001/7/10,6,11,14,21,27
104,2001/7/3,3,4,7,21,30
103,2001/6/26,10,13,19,21,30
102,2001/6/19,5,10,11,25,28
101,2001/6/12,2,10,11,13,26
100,2001/6/5,11,12,19,20,31
99,2001/5/29,3,7,10,13,15
98,2001/5/22,1,2,9,11,20
97,2001/5/15,6,12,15,19,22
96,2001/5/8,1,5,6,14,27
95,2001/5/1,4,5,7,8,31
94,2001/4/24,16,19,20,26,29
93,2001/4/17,11,15,22,26,27
92,2001/4/10,2,3,11,22,30
91,2001/4/3,8,9,15,18,22
90,2001/3/27,6,12,14,21,27
89,2001/3/20,5,7,24,27,29
88,2001/3/13,4,19,26,27,30
87,2001/3/6,1,5,12,23,27
86,2001/2/27,2,8,13,20,24
85,2001/2/20,9,11,14,20,29
84,2001/2/13,1,15,29,30,31
83,2001/2/6,1,6,11,23,26
82,2001/1/30,1,3,11,27,30
81,2001/1/23,1,7,10,16,25
80,2001/1/16,7,10,13,18,22
79,2001/1/9,2,13,16,26,30
78,2000/12/26,4,11,19,20,22
77,2000/12/19,2,3,10,22,26
76,2000/12/12,6,11,13,16,23
75,2000/12/5,7,14,16,17,29
74,2000/11/28,4,6,16,22,28
73,2000/11/21,4,6,8,26,30
72,2000/11/14,8,10,24,28,30
71,2000/11/7,11,17,18,22,30
70,2000/10/31,1,5,7,17,21
69,2000/10/24,5,6,9,23,30
68,2000/10/17,5,6,21,22,24
67,2000/10/10,4,5,8,14,27
66,2000/10/3,5,6,12,17,20
65,2000/9/26,8,9,10,17,23
64,2000/9/19,5,10,11,12,23
63,2000/9/12,3,5,6,22,28
62,2000/9/5,5,10,13,17,29
61,2000/8/29,9,23,24,29,30
60,2000/8/22,16,17,22,23,26
59,2000/8/15,9,15,20,21,22
58,2000/8/8,1,2,4,10,24
57,2000/8/1,3,21,23,27,29
56,2000/7/25,1,3,7,10,27
55,2000/7/18,4,10,11,18,31
54,2000/7/11,4,5,15,18,21
53,2000/7/4,4,13,14,15,17
52,2000/6/27,4,10,12,26,31
51,2000/6/20,5,7,15,16,31
50,2000/6/13,4,5,6,8,10
49,2000/6/6,10,13,14,23,25
48,2000/5/30,2,9,11,13,31
47,2000/5/23,2,6,8,17,29
46,2000/5/16,2,10,22,23,26
45,2000/5/9,7,13,19,24,26
44,2000/5/2,5,18,20,25,27
43,2000/4/25,3,6,11,16,30
42,2000/4/18,2,5,19,24,31
41,2000/4/11,10,16,19,22,26
40,2000/4/4,4,16,24,25,27
39,2000/3/28,1,9,15,26,30
38,2000/3/21,11,16,17,19,31
37,2000/3/14,6,7,10,16,31
36,2000/3/7,4,8,15,16,21
35,2000/2/29,10,11,18,24,26
34,2000/2/22,4,9,18,28,29
33,2000/2/15,2,3,8,9,30
32,2000/2/8,2,11,13,16,24
31,2000/2/1,14,20,21,24,28
30,2000/1/25,10,15,17,18,30
29,2000/1/18,9,12,17,26,31
28,2000/1/11,2,9,15,22,29
27,2000/1/4,10,16,20,21,31
26,1999/12/28,7,8,9,14,15
25,1999/12/21,2,3,7,18,29
24,1999/12/14,12,14,19,26,28
23,1999/12/7,2,13,18,22,26
22,1999/11/30,4,6,26,28,30
21,1999/11/23,3,15,22,25,31
20,1999/11/16,14,20,22,25,30
19,1999/11/9,2,9,10,22,27
18,1999/11/2,1,14,16,23,25
17,1999/10/26,10,18,20,25,27
16,1999/10/19,2,20,24,26,27
15,1999/10/12,6,8,17,23,24
14,1999/10/5,2,21,24,26,29
13,1999/9/28,6,11,18,25,28
12,1999/9/14,5,9,13,16,19
11,1999/8/31,17,18,19,20,30
10,1999/8/17,8,19,21,23,30
9,1999/8/3,2,11,12,13,28
8,1999/7/20,22,24,25,28,30
7,1999/7/6,3,24,25,26,31
6,1999/6/22,2,11,16,24,29
5,1999/6/8,8,9,15,21,25
4,1999/5/25,11,12,14,20,31
3,1999/5/11,1,8,10,24,30
2,1999/4/27,2,11,12,21,30
1,1999/4/13,1,3,17,20,25
