開催＃,抽選日,＃
4886,2018-03-23,900
4885,2018-03-22,29
4884,2018-03-21,486
4883,2018-03-20,118
4882,2018-03-19,217
4881,2018-03-16,399
4880,2018-03-15,236
4879,2018-03-14,363
4878,2018-03-13,243
4877,2018-03-12,497
4876,2018-03-09,720
4875,2018-03-08,123
4874,2018-03-07,45
4873,2018-03-06,586
4872,2018-03-05,411
4871,2018-03-02,776
4870,2018-03-01,382
4869,2018-02-28,839
4868,2018-02-27,350
4867,2018-02-26,60
4866,2018-02-23,60
4865,2018-02-22,320
4864,2018-02-21,545
4863,2018-02-20,271
4862,2018-02-19,725
4861,2018-02-16,725
4860,2018-02-15,631
4859,2018-02-14,347
4858,2018-02-13,221
4857,2018-02-12,221
4856,2018-02-09,936
4855,2018-02-08,448
4854,2018-02-07,138
4853,2018-02-06,139
4852,2018-02-05,461
4851,2018-02-02,291
4850,2018-02-01,546
4849,2018-01-31,437
4848,2018-01-30,432
4847,2018-01-29,415
4846,2018-01-26,956
4845,2018-01-25,282
4844,2018-01-24,92
4843,2018-01-23,327
4842,2018-01-22,122
4841,2018-01-19,955
4840,2018-01-18,916
4839,2018-01-17,873
4838,2018-01-16,368
4837,2018-01-15,881
4836,2018-01-12,413
4835,2018-01-11,223
4834,2018-01-10,634
4833,2018-01-09,930
4832,2018-01-08,976
4831,2018-01-05,384
4830,2018-01-04,858
4829,2018-01-03,842
4828,2018-01-02,842
4827,2018-01-01,842
4826,2017-12-29,842
4825,2017-12-28,591
4824,2017-12-27,372
4823,2017-12-26,809
4822,2017-12-25,720
4821,2017-12-22,288
4820,2017-12-21,663
4819,2017-12-20,351
4818,2017-12-19,162
4817,2017-12-18,325
4816,2017-12-15,542
4815,2017-12-14,78
4814,2017-12-13,43
4813,2017-12-12,276
4812,2017-12-11,278
4811,2017-12-08,937
4810,2017-12-07,618
4809,2017-12-06,218
4808,2017-12-05,233
4807,2017-12-04,945
4806,2017-12-01,242
4805,2017-11-30,820
4804,2017-11-29,782
4803,2017-11-28,261
4802,2017-11-27,173
4801,2017-11-24,177
4800,2017-11-23,794
4799,2017-11-22,609
4798,2017-11-21,176
4797,2017-11-20,891
4796,2017-11-17,434
4795,2017-11-16,754
4794,2017-11-15,385
4793,2017-11-14,523
4792,2017-11-13,732
4791,2017-11-10,621
4790,2017-11-09,836
4789,2017-11-08,714
4788,2017-11-07,496
4787,2017-11-06,996
4786,2017-11-03,221
4785,2017-11-02,501
4784,2017-11-01,46
4783,2017-10-31,23
4782,2017-10-30,205
4781,2017-10-27,830
4780,2017-10-26,72
4779,2017-10-25,921
4778,2017-10-24,252
4777,2017-10-23,71
4776,2017-10-20,420
4775,2017-10-19,227
4774,2017-10-18,21
4773,2017-10-17,219
4772,2017-10-16,236
4771,2017-10-13,394
4770,2017-10-12,933
4769,2017-10-11,85
4768,2017-10-10,925
4767,2017-10-09,187
4766,2017-10-06,656
4765,2017-10-05,870
4764,2017-10-04,925
4763,2017-10-03,679
4762,2017-10-02,321
4761,2017-09-29,573
4760,2017-09-28,347
4759,2017-09-27,228
4758,2017-09-26,214
4757,2017-09-25,313
4756,2017-09-22,222
4755,2017-09-21,276
4754,2017-09-20,684
4753,2017-09-19,5
4752,2017-09-18,372
4751,2017-09-15,132
4750,2017-09-14,648
4749,2017-09-13,302
4748,2017-09-12,147
4747,2017-09-11,199
4746,2017-09-08,707
4745,2017-09-07,297
4744,2017-09-06,301
4743,2017-09-05,58
4742,2017-09-04,630
4741,2017-09-01,906
4740,2017-08-31,7
4739,2017-08-30,862
4738,2017-08-29,153
4737,2017-08-28,185
4736,2017-08-25,253
4735,2017-08-24,432
4734,2017-08-23,409
4733,2017-08-22,15
4732,2017-08-21,933
4731,2017-08-18,105
4730,2017-08-17,711
4729,2017-08-16,508
4728,2017-08-15,201
4727,2017-08-14,693
4726,2017-08-11,347
4725,2017-08-10,229
4724,2017-08-09,97
4723,2017-08-08,594
4722,2017-08-07,207
4721,2017-08-04,82
4720,2017-08-03,661
4719,2017-08-02,722
4718,2017-08-01,463
4717,2017-07-31,718
4716,2017-07-28,679
4715,2017-07-27,593
4714,2017-07-26,898
4713,2017-07-25,661
4712,2017-07-24,381
4711,2017-07-21,109
4710,2017-07-20,8
4709,2017-07-19,332
4708,2017-07-18,880
4707,2017-07-17,401
4706,2017-07-14,458
4705,2017-07-13,159
4704,2017-07-12,904
4703,2017-07-11,10
4702,2017-07-10,844
4701,2017-07-07,346
4700,2017-07-06,817
4699,2017-07-05,749
4698,2017-07-04,713
4697,2017-07-03,871
4696,2017-06-30,161
4695,2017-06-29,208
4694,2017-06-28,796
4693,2017-06-27,171
4692,2017-06-26,242
4691,2017-06-23,811
4690,2017-06-22,375
4689,2017-06-21,311
4688,2017-06-20,671
4687,2017-06-19,874
4686,2017-06-16,540
4685,2017-06-15,501
4684,2017-06-14,428
4683,2017-06-13,577
4682,2017-06-12,172
4681,2017-06-09,908
4680,2017-06-08,37
4679,2017-06-07,870
4678,2017-06-06,289
4677,2017-06-05,873
4676,2017-06-02,622
4675,2017-06-01,570
4674,2017-05-31,471
4673,2017-05-30,537
4672,2017-05-29,990
4671,2017-05-26,41
4670,2017-05-25,39
4669,2017-05-24,307
4668,2017-05-23,509
4667,2017-05-22,52
4666,2017-05-19,909
4665,2017-05-18,423
4664,2017-05-17,597
4663,2017-05-16,17
4662,2017-05-15,682
4661,2017-05-12,922
4660,2017-05-11,895
4659,2017-05-10,161
4658,2017-05-09,768
4657,2017-05-08,459
4656,2017-05-05,433
4655,2017-05-04,904
4654,2017-05-03,479
4653,2017-05-02,939
4652,2017-05-01,525
4651,2017-04-28,508
4650,2017-04-27,799
4649,2017-04-26,796
4648,2017-04-25,849
4647,2017-04-24,364
4646,2017-04-21,254
4645,2017-04-20,771
4644,2017-04-19,91
4643,2017-04-18,833
4642,2017-04-17,439
4641,2017-04-14,535
4640,2017-04-13,67
4639,2017-04-12,353
4638,2017-04-11,81
4637,2017-04-10,473
4636,2017-04-07,132
4635,2017-04-06,984
4634,2017-04-05,374
4633,2017-04-04,642
4632,2017-04-03,66
4631,2017-03-31,226
4630,2017-03-30,638
4629,2017-03-29,53
4628,2017-03-28,619
4627,2017-03-27,546
4626,2017-03-24,719
4625,2017-03-23,405
4624,2017-03-22,712
4623,2017-03-21,64
4622,2017-03-20,164
4621,2017-03-17,692
4620,2017-03-16,101
4619,2017-03-15,789
4618,2017-03-14,101
4617,2017-03-13,785
4616,2017-03-10,689
4615,2017-03-09,960
4614,2017-03-08,959
4613,2017-03-07,868
4612,2017-03-06,226
4611,2017-03-03,111
4610,2017-03-02,449
4609,2017-03-01,157
4608,2017-02-28,788
4607,2017-02-27,147
4606,2017-02-24,631
4605,2017-02-23,840
4604,2017-02-22,893
4603,2017-02-21,866
4602,2017-02-20,890
4601,2017-02-17,15
4600,2017-02-16,464
4599,2017-02-15,89
4598,2017-02-14,27
4597,2017-02-13,425
4596,2017-02-10,261
4595,2017-02-09,70
4594,2017-02-08,828
4593,2017-02-07,862
4592,2017-02-06,762
4591,2017-02-03,132
4590,2017-02-02,292
4589,2017-02-01,906
4588,2017-01-31,837
4587,2017-01-30,440
4586,2017-01-27,132
4585,2017-01-26,852
4584,2017-01-25,644
4583,2017-01-24,387
4582,2017-01-23,857
4581,2017-01-20,859
4580,2017-01-19,697
4579,2017-01-18,745
4578,2017-01-17,649
4577,2017-01-16,85
4576,2017-01-13,211
4575,2017-01-12,575
4574,2017-01-11,694
4573,2017-01-10,339
4572,2017-01-09,76
4571,2017-01-06,714
4570,2017-01-05,387
4569,2017-01-04,450
4568,2016-12-30,767
4567,2016-12-29,415
4566,2016-12-28,7
4565,2016-12-27,837
4564,2016-12-26,934
4563,2016-12-23,153
4562,2016-12-22,291
4561,2016-12-21,651
4560,2016-12-20,513
4559,2016-12-19,137
4558,2016-12-16,73
4557,2016-12-15,679
4556,2016-12-14,915
4555,2016-12-13,231
4554,2016-12-12,687
4553,2016-12-09,721
4552,2016-12-08,87
4551,2016-12-07,367
4550,2016-12-06,699
4549,2016-12-05,43
4548,2016-12-02,336
4547,2016-12-01,939
4546,2016-11-30,628
4545,2016-11-29,217
4544,2016-11-28,90
4543,2016-11-25,609
4542,2016-11-24,839
4541,2016-11-23,850
4540,2016-11-22,325
4539,2016-11-21,722
4538,2016-11-18,281
4537,2016-11-17,899
4536,2016-11-16,396
4535,2016-11-15,697
4534,2016-11-14,244
4533,2016-11-11,623
4532,2016-11-10,526
4531,2016-11-09,687
4530,2016-11-08,994
4529,2016-11-07,721
4528,2016-11-04,971
4527,2016-11-03,306
4526,2016-11-02,215
4525,2016-11-01,643
4524,2016-10-31,485
4523,2016-10-28,568
4522,2016-10-27,640
4521,2016-10-26,90
4520,2016-10-25,111
4519,2016-10-24,217
4518,2016-10-21,471
4517,2016-10-20,693
4516,2016-10-19,774
4515,2016-10-18,410
4514,2016-10-17,946
4513,2016-10-14,271
4512,2016-10-13,662
4511,2016-10-12,829
4510,2016-10-11,480
4509,2016-10-10,657
4508,2016-10-07,316
4507,2016-10-06,787
4506,2016-10-05,861
4505,2016-10-04,167
4504,2016-10-03,636
4503,2016-09-30,719
4502,2016-09-29,161
4501,2016-09-28,139
4500,2016-09-27,237
4499,2016-09-26,545
4498,2016-09-23,947
4497,2016-09-22,373
4496,2016-09-21,211
4495,2016-09-20,401
4494,2016-09-19,470
4493,2016-09-16,804
4492,2016-09-15,53
4491,2016-09-14,927
4490,2016-09-13,437
4489,2016-09-12,450
4488,2016-09-09,879
4487,2016-09-08,346
4486,2016-09-07,701
4485,2016-09-06,509
4484,2016-09-05,337
4483,2016-09-02,284
4482,2016-09-01,54
4481,2016-08-31,103
4480,2016-08-30,988
4479,2016-08-29,595
4478,2016-08-26,100
4477,2016-08-25,111
4476,2016-08-24,431
4475,2016-08-23,695
4474,2016-08-22,621
4473,2016-08-19,768
4472,2016-08-18,142
4471,2016-08-17,1
4470,2016-08-16,773
4469,2016-08-15,367
4468,2016-08-12,377
4467,2016-08-11,67
4466,2016-08-10,472
4465,2016-08-09,58
4464,2016-08-08,682
4463,2016-08-05,623
4462,2016-08-04,867
4461,2016-08-03,308
4460,2016-08-02,206
4459,2016-08-01,806
4458,2016-07-29,532
4457,2016-07-28,47
4456,2016-07-27,52
4455,2016-07-26,356
4454,2016-07-25,97
4453,2016-07-22,141
4452,2016-07-21,95
4451,2016-07-20,451
4450,2016-07-19,804
4449,2016-07-18,914
4448,2016-07-15,292
4447,2016-07-14,1
4446,2016-07-13,291
4445,2016-07-12,716
4444,2016-07-11,826
4443,2016-07-08,443
4442,2016-07-07,3
4441,2016-07-06,510
4440,2016-07-05,514
4439,2016-07-04,728
4438,2016-07-01,958
4437,2016-06-30,602
4436,2016-06-29,748
4435,2016-06-28,546
4434,2016-06-27,440
4433,2016-06-24,88
4432,2016-06-23,693
4431,2016-06-22,125
4430,2016-06-21,615
4429,2016-06-20,724
4428,2016-06-17,63
4427,2016-06-16,370
4426,2016-06-15,742
4425,2016-06-14,543
4424,2016-06-13,244
4423,2016-06-10,809
4422,2016-06-09,355
4421,2016-06-08,262
4420,2016-06-07,34
4419,2016-06-06,617
4418,2016-06-03,93
4417,2016-06-02,256
4416,2016-06-01,658
4415,2016-05-31,397
4414,2016-05-30,921
4413,2016-05-27,271
4412,2016-05-26,642
4411,2016-05-25,70
4410,2016-05-24,664
4409,2016-05-23,985
4408,2016-05-20,402
4407,2016-05-19,237
4406,2016-05-18,590
4405,2016-05-17,750
4404,2016-05-16,975
4403,2016-05-13,339
4402,2016-05-12,497
4401,2016-05-11,511
4400,2016-05-10,933
4399,2016-05-09,468
4398,2016-05-06,528
4397,2016-05-05,987
4396,2016-05-04,942
4395,2016-05-03,732
4394,2016-05-02,701
4393,2016-04-29,183
4392,2016-04-28,183
4391,2016-04-27,962
4390,2016-04-26,263
4389,2016-04-25,188
4388,2016-04-22,99
4387,2016-04-21,603
4386,2016-04-20,660
4385,2016-04-19,230
4384,2016-04-18,180
4383,2016-04-15,836
4382,2016-04-14,661
4381,2016-04-13,763
4380,2016-04-12,813
4379,2016-04-11,900
4378,2016-04-08,863
4377,2016-04-07,65
4376,2016-04-06,878
4375,2016-04-05,602
4374,2016-04-04,304
4373,2016-04-01,375
4372,2016-03-31,654
4371,2016-03-30,622
4370,2016-03-29,446
4369,2016-03-28,457
4368,2016-03-25,913
4367,2016-03-24,207
4366,2016-03-23,355
4365,2016-03-22,187
4364,2016-03-21,257
4363,2016-03-18,213
4362,2016-03-17,146
4361,2016-03-16,937
4360,2016-03-15,986
4359,2016-03-14,426
4358,2016-03-11,200
4357,2016-03-10,244
4356,2016-03-09,334
4355,2016-03-08,500
4354,2016-03-07,405
4353,2016-03-04,201
4352,2016-03-03,2
4351,2016-03-02,927
4350,2016-03-01,99
4349,2016-02-29,311
4348,2016-02-26,250
4347,2016-02-25,878
4346,2016-02-24,837
4345,2016-02-23,908
4344,2016-02-22,456
4343,2016-02-19,55
4342,2016-02-18,934
4341,2016-02-17,92
4340,2016-02-16,721
4339,2016-02-15,886
4338,2016-02-12,147
4337,2016-02-11,136
4336,2016-02-10,307
4335,2016-02-09,344
4334,2016-02-08,305
4333,2016-02-05,418
4332,2016-02-04,182
4331,2016-02-03,712
4330,2016-02-02,602
4329,2016-02-01,366
4328,2016-01-29,694
4327,2016-01-28,234
4326,2016-01-27,504
4325,2016-01-26,564
4324,2016-01-25,211
4323,2016-01-22,751
4322,2016-01-21,725
4321,2016-01-20,814
4320,2016-01-19,392
4319,2016-01-18,283
4318,2016-01-15,992
4317,2016-01-14,727
4316,2016-01-13,81
4315,2016-01-12,946
4314,2016-01-11,787
4313,2016-01-08,797
4312,2016-01-07,603
4311,2016-01-06,274
4310,2016-01-05,988
4309,2016-01-04,748
4308,2015-12-30,350
4307,2015-12-29,710
4306,2015-12-28,549
4305,2015-12-25,166
4304,2015-12-24,187
4303,2015-12-23,447
4302,2015-12-22,454
4301,2015-12-21,530
4300,2015-12-18,966
4299,2015-12-17,308
4298,2015-12-16,166
4297,2015-12-15,484
4296,2015-12-14,671
4295,2015-12-11,332
4294,2015-12-10,336
4293,2015-12-09,687
4292,2015-12-08,368
4291,2015-12-07,429
4290,2015-12-04,192
4289,2015-12-03,422
4288,2015-12-02,999
4287,2015-12-01,784
4286,2015-11-30,547
4285,2015-11-27,372
4284,2015-11-26,895
4283,2015-11-25,748
4282,2015-11-24,691
4281,2015-11-23,359
4280,2015-11-20,851
4279,2015-11-19,161
4278,2015-11-18,414
4277,2015-11-17,757
4276,2015-11-16,305
4275,2015-11-13,50
4274,2015-11-12,711
4273,2015-11-11,493
4272,2015-11-10,945
4271,2015-11-09,708
4270,2015-11-06,220
4269,2015-11-05,715
4268,2015-11-04,675
4267,2015-11-03,230
4266,2015-11-02,675
4265,2015-10-30,394
4264,2015-10-29,118
4263,2015-10-28,49
4262,2015-10-27,906
4261,2015-10-26,370
4260,2015-10-23,686
4259,2015-10-22,396
4258,2015-10-21,458
4257,2015-10-20,504
4256,2015-10-19,363
4255,2015-10-16,503
4254,2015-10-15,288
4253,2015-10-14,119
4252,2015-10-13,418
4251,2015-10-12,185
4250,2015-10-09,658
4249,2015-10-08,321
4248,2015-10-07,425
4247,2015-10-06,524
4246,2015-10-05,173
4245,2015-10-02,468
4244,2015-10-01,203
4243,2015-09-30,945
4242,2015-09-29,166
4241,2015-09-28,191
4240,2015-09-25,792
4239,2015-09-24,924
4238,2015-09-23,144
4237,2015-09-22,264
4236,2015-09-21,243
4235,2015-09-18,302
4234,2015-09-17,306
4233,2015-09-16,117
4232,2015-09-15,759
4231,2015-09-14,820
4230,2015-09-11,549
4229,2015-09-10,468
4228,2015-09-09,896
4227,2015-09-08,423
4226,2015-09-07,678
4225,2015-09-04,489
4224,2015-09-03,890
4223,2015-09-02,787
4222,2015-09-01,104
4221,2015-08-31,763
4220,2015-08-28,169
4219,2015-08-27,778
4218,2015-08-26,920
4217,2015-08-25,282
4216,2015-08-24,315
4215,2015-08-21,372
4214,2015-08-20,214
4213,2015-08-19,580
4212,2015-08-18,978
4211,2015-08-17,507
4210,2015-08-14,859
4209,2015-08-13,809
4208,2015-08-12,119
4207,2015-08-11,419
4206,2015-08-10,567
4205,2015-08-07,802
4204,2015-08-06,426
4203,2015-08-05,275
4202,2015-08-04,907
4201,2015-08-03,336
4200,2015-07-31,4
4199,2015-07-30,409
4198,2015-07-29,461
4197,2015-07-28,80
4196,2015-07-27,287
4195,2015-07-24,468
4194,2015-07-23,300
4193,2015-07-22,13
4192,2015-07-21,895
4191,2015-07-20,844
4190,2015-07-17,598
4189,2015-07-16,334
4188,2015-07-15,23
4187,2015-07-14,279
4186,2015-07-13,721
4185,2015-07-10,818
4184,2015-07-09,590
4183,2015-07-08,583
4182,2015-07-07,97
4181,2015-07-06,174
4180,2015-07-03,447
4179,2015-07-02,516
4178,2015-07-01,470
4177,2015-06-30,686
4176,2015-06-29,319
4175,2015-06-26,86
4174,2015-06-25,885
4173,2015-06-24,691
4172,2015-06-23,454
4171,2015-06-22,880
4170,2015-06-19,258
4169,2015-06-18,313
4168,2015-06-17,451
4167,2015-06-16,589
4166,2015-06-15,690
4165,2015-06-12,549
4164,2015-06-11,402
4163,2015-06-10,455
4162,2015-06-09,240
4161,2015-06-08,81
4160,2015-06-05,191
4159,2015-06-04,858
4158,2015-06-03,537
4157,2015-06-02,641
4156,2015-06-01,465
4155,2015-05-29,778
4154,2015-05-28,384
4153,2015-05-27,309
4152,2015-05-26,166
4151,2015-05-25,362
4150,2015-05-22,977
4149,2015-05-21,934
4148,2015-05-20,576
4147,2015-05-19,433
4146,2015-05-18,991
4145,2015-05-15,735
4144,2015-05-14,361
4143,2015-05-13,595
4142,2015-05-12,800
4141,2015-05-11,356
4140,2015-05-08,440
4139,2015-05-07,905
4138,2015-05-06,906
4137,2015-05-05,856
4136,2015-05-04,636
4135,2015-05-01,897
4134,2015-04-30,242
4133,2015-04-29,899
4132,2015-04-28,450
4131,2015-04-27,190
4130,2015-04-24,153
4129,2015-04-23,81
4128,2015-04-22,220
4127,2015-04-21,222
4126,2015-04-20,164
4125,2015-04-17,348
4124,2015-04-16,9
4123,2015-04-15,675
4122,2015-04-14,986
4121,2015-04-13,507
4120,2015-04-10,658
4119,2015-04-09,988
4118,2015-04-08,521
4117,2015-04-07,589
4116,2015-04-06,159
4115,2015-04-03,845
4114,2015-04-02,677
4113,2015-04-01,336
4112,2015-03-31,7
4111,2015-03-30,187
4110,2015-03-27,928
4109,2015-03-26,908
4108,2015-03-25,427
4107,2015-03-24,245
4106,2015-03-23,11
4105,2015-03-20,663
4104,2015-03-19,339
4103,2015-03-18,944
4102,2015-03-17,607
4101,2015-03-16,813
4100,2015-03-13,302
4099,2015-03-12,553
4098,2015-03-11,623
4097,2015-03-10,100
4096,2015-03-09,862
4095,2015-03-06,526
4094,2015-03-05,751
4093,2015-03-04,227
4092,2015-03-03,462
4091,2015-03-02,161
4090,2015-02-27,311
4089,2015-02-26,574
4088,2015-02-25,824
4087,2015-02-24,904
4086,2015-02-23,618
4085,2015-02-20,829
4084,2015-02-19,521
4083,2015-02-18,682
4082,2015-02-17,845
4081,2015-02-16,202
4080,2015-02-13,539
4079,2015-02-12,349
4078,2015-02-11,266
4077,2015-02-10,583
4076,2015-02-09,377
4075,2015-02-06,201
4074,2015-02-05,690
4073,2015-02-04,365
4072,2015-02-03,250
4071,2015-02-02,192
4070,2015-01-30,355
4069,2015-01-29,809
4068,2015-01-28,740
4067,2015-01-27,722
4066,2015-01-26,996
4065,2015-01-23,432
4064,2015-01-22,849
4063,2015-01-21,772
4062,2015-01-20,597
4061,2015-01-19,222
4060,2015-01-16,48
4059,2015-01-15,765
4058,2015-01-14,271
4057,2015-01-13,836
4056,2015-01-12,763
4055,2015-01-09,31
4054,2015-01-08,211
4053,2015-01-07,826
4052,2015-01-06,202
4051,2015-01-05,25
4050,2014-12-30,642
4049,2014-12-29,537
4048,2014-12-26,167
4047,2014-12-25,728
4046,2014-12-24,516
4045,2014-12-23,330
4044,2014-12-22,853
4043,2014-12-19,929
4042,2014-12-18,983
4041,2014-12-17,235
4040,2014-12-16,889
4039,2014-12-15,511
4038,2014-12-12,410
4037,2014-12-11,840
4036,2014-12-10,501
4035,2014-12-09,312
4034,2014-12-08,900
4033,2014-12-05,384
4032,2014-12-04,916
4031,2014-12-03,76
4030,2014-12-02,725
4029,2014-12-01,913
4028,2014-11-28,990
4027,2014-11-27,384
4026,2014-11-26,372
4025,2014-11-25,303
4024,2014-11-24,0
4023,2014-11-21,426
4022,2014-11-20,536
4021,2014-11-19,95
4020,2014-11-18,618
4019,2014-11-17,335
4018,2014-11-14,194
4017,2014-11-13,277
4016,2014-11-12,112
4015,2014-11-11,181
4014,2014-11-10,611
4013,2014-11-07,866
4012,2014-11-06,551
4011,2014-11-05,861
4010,2014-11-04,832
4009,2014-11-03,40
4008,2014-10-31,885
4007,2014-10-30,274
4006,2014-10-29,9
4005,2014-10-28,260
4004,2014-10-27,444
4003,2014-10-24,799
4002,2014-10-23,336
4001,2014-10-22,373
4000,2014-10-21,404
3999,2014-10-20,717
3998,2014-10-17,908
3997,2014-10-16,963
3996,2014-10-15,893
3995,2014-10-14,369
3994,2014-10-13,509
3993,2014-10-10,782
3992,2014-10-09,178
3991,2014-10-08,148
3990,2014-10-07,890
3989,2014-10-06,65
3988,2014-10-03,745
3987,2014-10-02,45
3986,2014-10-01,354
3985,2014-09-30,66
3984,2014-09-29,786
3983,2014-09-26,517
3982,2014-09-25,113
3981,2014-09-24,697
3980,2014-09-23,468
3979,2014-09-22,174
3978,2014-09-19,181
3977,2014-09-18,498
3976,2014-09-17,927
3975,2014-09-16,289
3974,2014-09-15,509
3973,2014-09-12,249
3972,2014-09-11,644
3971,2014-09-10,816
3970,2014-09-09,983
3969,2014-09-08,802
3968,2014-09-05,621
3967,2014-09-04,586
3966,2014-09-03,58
3965,2014-09-02,721
3964,2014-09-01,151
3963,2014-08-29,653
3962,2014-08-28,376
3961,2014-08-27,314
3960,2014-08-26,958
3959,2014-08-25,105
3958,2014-08-22,685
3957,2014-08-21,59
3956,2014-08-20,852
3955,2014-08-19,701
3954,2014-08-18,425
3953,2014-08-15,122
3952,2014-08-14,371
3951,2014-08-13,528
3950,2014-08-12,448
3949,2014-08-11,793
3948,2014-08-08,31
3947,2014-08-07,857
3946,2014-08-06,933
3945,2014-08-05,955
3944,2014-08-04,764
3943,2014-08-01,940
3942,2014-07-31,649
3941,2014-07-30,392
3940,2014-07-29,234
3939,2014-07-28,190
3938,2014-07-25,498
3937,2014-07-24,70
3936,2014-07-23,59
3935,2014-07-22,197
3934,2014-07-21,954
3933,2014-07-18,790
3932,2014-07-17,621
3931,2014-07-16,239
3930,2014-07-15,495
3929,2014-07-14,61
3928,2014-07-11,398
3927,2014-07-10,647
3926,2014-07-09,389
3925,2014-07-08,856
3924,2014-07-07,76
3923,2014-07-04,583
3922,2014-07-03,307
3921,2014-07-02,953
3920,2014-07-01,571
3919,2014-06-30,92
3918,2014-06-27,785
3917,2014-06-26,101
3916,2014-06-25,732
3915,2014-06-24,955
3914,2014-06-23,338
3913,2014-06-20,644
3912,2014-06-19,568
3911,2014-06-18,84
3910,2014-06-17,226
3909,2014-06-16,797
3908,2014-06-13,690
3907,2014-06-12,429
3906,2014-06-11,334
3905,2014-06-10,431
3904,2014-06-09,620
3903,2014-06-06,928
3902,2014-06-05,790
3901,2014-06-04,769
3900,2014-06-03,327
3899,2014-06-02,468
3898,2014-05-30,839
3897,2014-05-29,761
3896,2014-05-28,474
3895,2014-05-27,845
3894,2014-05-26,86
3893,2014-05-23,34
3892,2014-05-22,433
3891,2014-05-21,746
3890,2014-05-20,281
3889,2014-05-19,836
3888,2014-05-16,65
3887,2014-05-15,153
3886,2014-05-14,463
3885,2014-05-13,934
3884,2014-05-12,367
3883,2014-05-09,154
3882,2014-05-08,353
3881,2014-05-07,297
3880,2014-05-06,806
3879,2014-05-05,994
3878,2014-05-02,336
3877,2014-05-01,808
3876,2014-04-30,495
3875,2014-04-29,199
3874,2014-04-28,442
3873,2014-04-25,589
3872,2014-04-24,809
3871,2014-04-23,951
3870,2014-04-22,290
3869,2014-04-21,17
3868,2014-04-18,725
3867,2014-04-17,493
3866,2014-04-16,637
3865,2014-04-15,160
3864,2014-04-14,123
3863,2014-04-11,135
3862,2014-04-10,808
3861,2014-04-09,295
3860,2014-04-08,701
3859,2014-04-07,942
3858,2014-04-04,740
3857,2014-04-03,858
3856,2014-04-02,606
3855,2014-04-01,108
3854,2014-03-31,98
3853,2014-03-28,643
3852,2014-03-27,841
3851,2014-03-26,710
3850,2014-03-25,636
3849,2014-03-24,263
3848,2014-03-21,787
3847,2014-03-20,608
3846,2014-03-19,45
3845,2014-03-18,729
3844,2014-03-17,198
3843,2014-03-14,784
3842,2014-03-13,619
3841,2014-03-12,558
3840,2014-03-11,661
3839,2014-03-10,975
3838,2014-03-07,169
3837,2014-03-06,87
3836,2014-03-05,624
3835,2014-03-04,834
3834,2014-03-03,992
3833,2014-02-28,101
3832,2014-02-27,171
3831,2014-02-26,272
3830,2014-02-25,61
3829,2014-02-24,287
3828,2014-02-21,172
3827,2014-02-20,99
3826,2014-02-19,722
3825,2014-02-18,687
3824,2014-02-17,271
3823,2014-02-14,709
3822,2014-02-13,805
3821,2014-02-12,951
3820,2014-02-11,343
3819,2014-02-10,423
3818,2014-02-07,264
3817,2014-02-06,95
3816,2014-02-05,200
3815,2014-02-04,861
3814,2014-02-03,44
3813,2014-01-31,729
3812,2014-01-30,327
3811,2014-01-29,70
3810,2014-01-28,369
3809,2014-01-27,138
3808,2014-01-24,311
3807,2014-01-23,314
3806,2014-01-22,154
3805,2014-01-21,119
3804,2014-01-20,921
3803,2014-01-17,720
3802,2014-01-16,641
3801,2014-01-15,506
3800,2014-01-14,560
3799,2014-01-13,136
3798,2014-01-10,5
3797,2014-01-09,613
3796,2014-01-08,721
3795,2014-01-07,578
3794,2014-01-06,98
3793,2013-12-30,549
3792,2013-12-27,127
3791,2013-12-26,672
3790,2013-12-25,271
3789,2013-12-24,456
3788,2013-12-23,997
3787,2013-12-20,879
3786,2013-12-19,540
3785,2013-12-18,107
3784,2013-12-17,576
3783,2013-12-16,515
3782,2013-12-13,186
3781,2013-12-12,372
3780,2013-12-11,622
3779,2013-12-10,23
3778,2013-12-09,542
3777,2013-12-06,443
3776,2013-12-05,674
3775,2013-12-04,928
3774,2013-12-03,752
3773,2013-12-02,421
3772,2013-11-29,842
3771,2013-11-28,244
3770,2013-11-27,724
3769,2013-11-26,975
3768,2013-11-25,81
3767,2013-11-22,983
3766,2013-11-21,922
3765,2013-11-20,721
3764,2013-11-19,484
3763,2013-11-18,439
3762,2013-11-15,638
3761,2013-11-14,14
3760,2013-11-13,910
3759,2013-11-12,470
3758,2013-11-11,885
3757,2013-11-08,380
3756,2013-11-07,694
3755,2013-11-06,524
3754,2013-11-05,650
3753,2013-11-04,952
3752,2013-11-01,535
3751,2013-10-31,52
3750,2013-10-30,348
3749,2013-10-29,140
3748,2013-10-28,454
3747,2013-10-25,693
3746,2013-10-24,306
3745,2013-10-23,907
3744,2013-10-22,503
3743,2013-10-21,77
3742,2013-10-18,139
3741,2013-10-17,896
3740,2013-10-16,249
3739,2013-10-15,355
3738,2013-10-14,572
3737,2013-10-11,484
3736,2013-10-10,110
3735,2013-10-09,451
3734,2013-10-08,708
3733,2013-10-07,694
3732,2013-10-04,865
3731,2013-10-03,996
3730,2013-10-02,21
3729,2013-10-01,113
3728,2013-09-30,817
3727,2013-09-27,895
3726,2013-09-26,236
3725,2013-09-25,825
3724,2013-09-24,613
3723,2013-09-23,389
3722,2013-09-20,39
3721,2013-09-19,789
3720,2013-09-18,595
3719,2013-09-17,760
3718,2013-09-16,137
3717,2013-09-13,511
3716,2013-09-12,537
3715,2013-09-11,192
3714,2013-09-10,300
3713,2013-09-09,547
3712,2013-09-06,791
3711,2013-09-05,536
3710,2013-09-04,975
3709,2013-09-03,204
3708,2013-09-02,501
3707,2013-08-30,311
3706,2013-08-29,351
3705,2013-08-28,793
3704,2013-08-27,682
3703,2013-08-26,893
3702,2013-08-23,294
3701,2013-08-22,850
3700,2013-08-21,710
3699,2013-08-20,317
3698,2013-08-19,155
3697,2013-08-16,900
3696,2013-08-15,801
3695,2013-08-14,155
3694,2013-08-13,78
3693,2013-08-12,234
3692,2013-08-09,917
3691,2013-08-08,283
3690,2013-08-07,17
3689,2013-08-06,497
3688,2013-08-05,257
3687,2013-08-02,914
3686,2013-08-01,811
3685,2013-07-31,757
3684,2013-07-30,254
3683,2013-07-29,333
3682,2013-07-26,501
3681,2013-07-25,740
3680,2013-07-24,346
3679,2013-07-23,293
3678,2013-07-22,342
3677,2013-07-19,235
3676,2013-07-18,195
3675,2013-07-17,44
3674,2013-07-16,950
3673,2013-07-15,940
3672,2013-07-12,456
3671,2013-07-11,820
3670,2013-07-10,343
3669,2013-07-09,82
3668,2013-07-08,551
3667,2013-07-05,676
3666,2013-07-04,812
3665,2013-07-03,587
3664,2013-07-02,307
3663,2013-07-01,790
3662,2013-06-28,848
3661,2013-06-27,725
3660,2013-06-26,314
3659,2013-06-25,32
3658,2013-06-24,68
3657,2013-06-21,527
3656,2013-06-20,31
3655,2013-06-19,238
3654,2013-06-18,481
3653,2013-06-17,883
3652,2013-06-14,477
3651,2013-06-13,165
3650,2013-06-12,378
3649,2013-06-11,137
3648,2013-06-10,497
3647,2013-06-07,4
3646,2013-06-06,292
3645,2013-06-05,143
3644,2013-06-04,611
3643,2013-06-03,723
3642,2013-05-31,953
3641,2013-05-30,41
3640,2013-05-29,980
3639,2013-05-28,819
3638,2013-05-27,345
3637,2013-05-24,456
3636,2013-05-23,899
3635,2013-05-22,244
3634,2013-05-21,444
3633,2013-05-20,963
3632,2013-05-17,165
3631,2013-05-16,318
3630,2013-05-15,531
3629,2013-05-14,164
3628,2013-05-13,488
3627,2013-05-10,34
3626,2013-05-09,314
3625,2013-05-08,407
3624,2013-05-07,570
3623,2013-05-06,160
3622,2013-05-03,714
3621,2013-05-02,832
3620,2013-05-01,104
3619,2013-04-30,706
3618,2013-04-29,693
3617,2013-04-26,921
3616,2013-04-25,294
3615,2013-04-24,722
3614,2013-04-23,715
3613,2013-04-22,947
3612,2013-04-19,3
3611,2013-04-18,44
3610,2013-04-17,114
3609,2013-04-16,210
3608,2013-04-15,760
3607,2013-04-12,318
3606,2013-04-11,102
3605,2013-04-10,45
3604,2013-04-09,582
3603,2013-04-08,233
3602,2013-04-05,318
3601,2013-04-04,422
3600,2013-04-03,893
3599,2013-04-02,344
3598,2013-04-01,44
3597,2013-03-29,259
3596,2013-03-28,510
3595,2013-03-27,538
3594,2013-03-26,782
3593,2013-03-25,291
3592,2013-03-22,448
3591,2013-03-21,735
3590,2013-03-20,333
3589,2013-03-19,349
3588,2013-03-18,369
3587,2013-03-15,888
3586,2013-03-14,528
3585,2013-03-13,980
3584,2013-03-12,986
3583,2013-03-11,898
3582,2013-03-08,168
3581,2013-03-07,158
3580,2013-03-06,473
3579,2013-03-05,797
3578,2013-03-04,723
3577,2013-03-01,837
3576,2013-02-28,717
3575,2013-02-27,181
3574,2013-02-26,199
3573,2013-02-25,751
3572,2013-02-22,728
3571,2013-02-21,396
3570,2013-02-20,230
3569,2013-02-19,139
3568,2013-02-18,972
3567,2013-02-15,574
3566,2013-02-14,507
3565,2013-02-13,381
3564,2013-02-12,731
3563,2013-02-11,481
3562,2013-02-08,199
3561,2013-02-07,252
3560,2013-02-06,68
3559,2013-02-05,300
3558,2013-02-04,258
3557,2013-02-01,844
3556,2013-01-31,158
3555,2013-01-30,15
3554,2013-01-29,533
3553,2013-01-28,481
3552,2013-01-25,272
3551,2013-01-24,794
3550,2013-01-23,352
3549,2013-01-22,68
3548,2013-01-21,871
3547,2013-01-18,228
3546,2013-01-17,433
3545,2013-01-16,663
3544,2013-01-15,447
3543,2013-01-14,238
3542,2013-01-11,44
3541,2013-01-10,240
3540,2013-01-09,239
3539,2013-01-08,877
3538,2013-01-07,778
3537,2013-01-04,609
3536,2012-12-28,889
3535,2012-12-27,836
3534,2012-12-26,426
3533,2012-12-25,296
3532,2012-12-24,579
3531,2012-12-21,273
3530,2012-12-20,619
3529,2012-12-19,36
3528,2012-12-18,199
3527,2012-12-17,141
3526,2012-12-14,282
3525,2012-12-13,374
3524,2012-12-12,249
3523,2012-12-11,776
3522,2012-12-10,540
3521,2012-12-07,167
3520,2012-12-06,931
3519,2012-12-05,793
3518,2012-12-04,798
3517,2012-12-03,217
3516,2012-11-30,943
3515,2012-11-29,950
3514,2012-11-28,195
3513,2012-11-27,660
3512,2012-11-26,204
3511,2012-11-23,369
3510,2012-11-22,307
3509,2012-11-21,872
3508,2012-11-20,776
3507,2012-11-19,713
3506,2012-11-16,464
3505,2012-11-15,495
3504,2012-11-14,605
3503,2012-11-13,19
3502,2012-11-12,781
3501,2012-11-09,666
3500,2012-11-08,966
3499,2012-11-07,85
3498,2012-11-06,44
3497,2012-11-05,620
3496,2012-11-02,561
3495,2012-11-01,778
3494,2012-10-31,264
3493,2012-10-30,804
3492,2012-10-29,480
3491,2012-10-26,697
3490,2012-10-25,837
3489,2012-10-24,341
3488,2012-10-23,240
3487,2012-10-22,714
3486,2012-10-19,320
3485,2012-10-18,662
3484,2012-10-17,33
3483,2012-10-16,236
3482,2012-10-15,63
3481,2012-10-12,472
3480,2012-10-11,612
3479,2012-10-10,42
3478,2012-10-09,144
3477,2012-10-08,782
3476,2012-10-05,851
3475,2012-10-04,116
3474,2012-10-03,498
3473,2012-10-02,298
3472,2012-10-01,274
3471,2012-09-28,928
3470,2012-09-27,660
3469,2012-09-26,466
3468,2012-09-25,100
3467,2012-09-24,715
3466,2012-09-21,59
3465,2012-09-20,49
3464,2012-09-19,728
3463,2012-09-18,731
3462,2012-09-17,784
3461,2012-09-14,445
3460,2012-09-13,124
3459,2012-09-12,441
3458,2012-09-11,185
3457,2012-09-10,351
3456,2012-09-07,926
3455,2012-09-06,988
3454,2012-09-05,748
3453,2012-09-04,357
3452,2012-09-03,458
3451,2012-08-31,310
3450,2012-08-30,526
3449,2012-08-29,887
3448,2012-08-28,282
3447,2012-08-27,99
3446,2012-08-24,537
3445,2012-08-23,514
3444,2012-08-22,810
3443,2012-08-21,656
3442,2012-08-20,689
3441,2012-08-17,911
3440,2012-08-16,979
3439,2012-08-15,430
3438,2012-08-14,333
3437,2012-08-13,302
3436,2012-08-10,90
3435,2012-08-09,343
3434,2012-08-08,121
3433,2012-08-07,788
3432,2012-08-06,55
3431,2012-08-03,360
3430,2012-08-02,261
3429,2012-08-01,568
3428,2012-07-31,916
3427,2012-07-30,486
3426,2012-07-27,726
3425,2012-07-26,506
3424,2012-07-25,899
3423,2012-07-24,59
3422,2012-07-23,615
3421,2012-07-20,515
3420,2012-07-19,377
3419,2012-07-18,825
3418,2012-07-17,544
3417,2012-07-16,47
3416,2012-07-13,680
3415,2012-07-12,612
3414,2012-07-11,34
3413,2012-07-10,738
3412,2012-07-09,92
3411,2012-07-06,148
3410,2012-07-05,550
3409,2012-07-04,851
3408,2012-07-03,77
3407,2012-07-02,835
3406,2012-06-29,410
3405,2012-06-28,819
3404,2012-06-27,884
3403,2012-06-26,357
3402,2012-06-25,523
3401,2012-06-22,811
3400,2012-06-21,714
3399,2012-06-20,486
3398,2012-06-19,137
3397,2012-06-18,826
3396,2012-06-15,51
3395,2012-06-14,495
3394,2012-06-13,194
3393,2012-06-12,98
3392,2012-06-11,600
3391,2012-06-08,696
3390,2012-06-07,197
3389,2012-06-06,917
3388,2012-06-05,819
3387,2012-06-04,221
3386,2012-06-01,729
3385,2012-05-31,975
3384,2012-05-30,38
3383,2012-05-29,538
3382,2012-05-28,320
3381,2012-05-25,262
3380,2012-05-24,547
3379,2012-05-23,73
3378,2012-05-22,768
3377,2012-05-21,828
3376,2012-05-18,156
3375,2012-05-17,885
3374,2012-05-16,286
3373,2012-05-15,709
3372,2012-05-14,301
3371,2012-05-11,439
3370,2012-05-10,535
3369,2012-05-09,214
3368,2012-05-08,685
3367,2012-05-07,701
3366,2012-05-04,409
3365,2012-05-03,64
3364,2012-05-02,138
3363,2012-05-01,905
3362,2012-04-30,448
3361,2012-04-27,564
3360,2012-04-26,322
3359,2012-04-25,994
3358,2012-04-24,378
3357,2012-04-23,451
3356,2012-04-20,420
3355,2012-04-19,278
3354,2012-04-18,105
3353,2012-04-17,667
3352,2012-04-16,789
3351,2012-04-13,98
3350,2012-04-12,916
3349,2012-04-11,175
3348,2012-04-10,284
3347,2012-04-09,790
3346,2012-04-06,952
3345,2012-04-05,895
3344,2012-04-04,575
3343,2012-04-03,766
3342,2012-04-02,860
3341,2012-03-30,627
3340,2012-03-29,594
3339,2012-03-28,124
3338,2012-03-27,599
3337,2012-03-26,226
3336,2012-03-23,228
3335,2012-03-22,158
3334,2012-03-21,241
3333,2012-03-20,800
3332,2012-03-19,160
3331,2012-03-16,136
3330,2012-03-15,552
3329,2012-03-14,906
3328,2012-03-13,300
3327,2012-03-12,771
3326,2012-03-09,422
3325,2012-03-08,940
3324,2012-03-07,17
3323,2012-03-06,833
3322,2012-03-05,976
3321,2012-03-02,7
3320,2012-03-01,12
3319,2012-02-29,874
3318,2012-02-28,490
3317,2012-02-27,343
3316,2012-02-24,267
3315,2012-02-23,366
3314,2012-02-22,141
3313,2012-02-21,126
3312,2012-02-20,563
3311,2012-02-17,629
3310,2012-02-16,668
3309,2012-02-15,59
3308,2012-02-14,219
3307,2012-02-13,732
3306,2012-02-10,5
3305,2012-02-09,359
3304,2012-02-08,890
3303,2012-02-07,933
3302,2012-02-06,871
3301,2012-02-03,768
3300,2012-02-02,782
3299,2012-02-01,76
3298,2012-01-31,718
3297,2012-01-30,181
3296,2012-01-27,79
3295,2012-01-26,233
3294,2012-01-25,17
3293,2012-01-24,478
3292,2012-01-23,707
3291,2012-01-20,556
3290,2012-01-19,251
3289,2012-01-18,93
3288,2012-01-17,398
3287,2012-01-16,674
3286,2012-01-13,910
3285,2012-01-12,552
3284,2012-01-11,861
3283,2012-01-10,813
3282,2012-01-09,965
3281,2012-01-06,458
3280,2012-01-05,447
3279,2012-01-04,416
3278,2011-12-30,786
3277,2011-12-29,389
3276,2011-12-28,228
3275,2011-12-27,941
3274,2011-12-26,29
3273,2011-12-23,427
3272,2011-12-22,45
3271,2011-12-21,198
3270,2011-12-20,853
3269,2011-12-19,526
3268,2011-12-16,591
3267,2011-12-15,409
3266,2011-12-14,29
3265,2011-12-13,317
3264,2011-12-12,188
3263,2011-12-09,166
3262,2011-12-08,174
3261,2011-12-07,318
3260,2011-12-06,603
3259,2011-12-05,48
3258,2011-12-02,883
3257,2011-12-01,300
3256,2011-11-30,267
3255,2011-11-29,861
3254,2011-11-28,180
3253,2011-11-25,90
3252,2011-11-24,642
3251,2011-11-23,347
3250,2011-11-22,835
3249,2011-11-21,984
3248,2011-11-18,875
3247,2011-11-17,660
3246,2011-11-16,213
3245,2011-11-15,103
3244,2011-11-14,124
3243,2011-11-11,798
3242,2011-11-10,901
3241,2011-11-09,252
3240,2011-11-08,711
3239,2011-11-07,770
3238,2011-11-04,218
3237,2011-11-03,750
3236,2011-11-02,569
3235,2011-11-01,740
3234,2011-10-31,488
3233,2011-10-28,677
3232,2011-10-27,856
3231,2011-10-26,877
3230,2011-10-25,760
3229,2011-10-24,369
3228,2011-10-21,859
3227,2011-10-20,87
3226,2011-10-19,237
3225,2011-10-18,82
3224,2011-10-17,957
3223,2011-10-14,680
3222,2011-10-13,589
3221,2011-10-12,353
3220,2011-10-11,644
3219,2011-10-10,393
3218,2011-10-07,208
3217,2011-10-06,47
3216,2011-10-05,256
3215,2011-10-04,854
3214,2011-10-03,418
3213,2011-09-30,978
3212,2011-09-29,404
3211,2011-09-28,232
3210,2011-09-27,679
3209,2011-09-26,180
3208,2011-09-23,703
3207,2011-09-22,251
3206,2011-09-21,874
3205,2011-09-20,316
3204,2011-09-19,203
3203,2011-09-16,966
3202,2011-09-15,606
3201,2011-09-14,286
3200,2011-09-13,705
3199,2011-09-12,425
3198,2011-09-09,7
3197,2011-09-08,401
3196,2011-09-07,854
3195,2011-09-06,464
3194,2011-09-05,262
3193,2011-09-02,674
3192,2011-09-01,469
3191,2011-08-31,725
3190,2011-08-30,891
3189,2011-08-29,922
3188,2011-08-26,703
3187,2011-08-25,267
3186,2011-08-24,863
3185,2011-08-23,183
3184,2011-08-22,142
3183,2011-08-19,508
3182,2011-08-18,393
3181,2011-08-17,220
3180,2011-08-16,293
3179,2011-08-15,391
3178,2011-08-12,767
3177,2011-08-11,376
3176,2011-08-10,662
3175,2011-08-09,676
3174,2011-08-08,449
3173,2011-08-05,811
3172,2011-08-04,815
3171,2011-08-03,981
3170,2011-08-02,6
3169,2011-08-01,983
3168,2011-07-29,622
3167,2011-07-28,759
3166,2011-07-27,706
3165,2011-07-26,954
3164,2011-07-25,420
3163,2011-07-22,571
3162,2011-07-21,534
3161,2011-07-20,319
3160,2011-07-19,194
3159,2011-07-18,988
3158,2011-07-15,291
3157,2011-07-14,973
3156,2011-07-13,366
3155,2011-07-12,747
3154,2011-07-11,161
3153,2011-07-08,827
3152,2011-07-07,594
3151,2011-07-06,408
3150,2011-07-05,833
3149,2011-07-04,140
3148,2011-07-01,872
3147,2011-06-30,825
3146,2011-06-29,210
3145,2011-06-28,734
3144,2011-06-27,674
3143,2011-06-24,997
3142,2011-06-23,845
3141,2011-06-22,324
3140,2011-06-21,643
3139,2011-06-20,714
3138,2011-06-17,5
3137,2011-06-16,397
3136,2011-06-15,944
3135,2011-06-14,655
3134,2011-06-13,201
3133,2011-06-10,922
3132,2011-06-09,600
3131,2011-06-08,910
3130,2011-06-07,998
3129,2011-06-06,580
3128,2011-06-03,719
3127,2011-06-02,168
3126,2011-06-01,82
3125,2011-05-31,253
3124,2011-05-30,91
3123,2011-05-27,359
3122,2011-05-26,199
3121,2011-05-25,655
3120,2011-05-24,362
3119,2011-05-23,995
3118,2011-05-20,966
3117,2011-05-19,674
3116,2011-05-18,74
3115,2011-05-17,310
3114,2011-05-16,705
3113,2011-05-13,574
3112,2011-05-12,514
3111,2011-05-11,671
3110,2011-05-10,447
3109,2011-05-09,869
3108,2011-05-06,500
3107,2011-05-05,586
3106,2011-05-04,807
3105,2011-05-03,192
3104,2011-05-02,606
3103,2011-04-29,355
3102,2011-04-28,24
3101,2011-04-27,66
3100,2011-04-26,92
3099,2011-04-25,657
3098,2011-04-22,509
3097,2011-04-21,339
3096,2011-04-20,929
3095,2011-04-19,150
3094,2011-04-18,504
3093,2011-04-15,788
3092,2011-04-14,963
3091,2011-04-13,200
3090,2011-04-12,657
3089,2011-04-11,495
3088,2011-04-08,61
3087,2011-04-07,360
3086,2011-04-06,763
3085,2011-04-05,303
3084,2011-04-04,643
3083,2011-04-01,929
3082,2011-03-31,225
3081,2011-03-30,352
3080,2011-03-29,680
3079,2011-03-28,335
3078,2011-03-25,298
3077,2011-03-24,704
3076,2011-03-23,261
3075,2011-03-22,318
3074,2011-03-21,138
3073,2011-03-18,95
3072,2011-03-17,557
3071,2011-03-16,402
3070,2011-03-15,746
3069,2011-03-14,635
3068,2011-03-11,437
3067,2011-03-10,724
3066,2011-03-09,215
3065,2011-03-08,152
3064,2011-03-07,976
3063,2011-03-04,545
3062,2011-03-03,806
3061,2011-03-02,331
3060,2011-03-01,82
3059,2011-02-28,345
3058,2011-02-25,475
3057,2011-02-24,4
3056,2011-02-23,374
3055,2011-02-22,402
3054,2011-02-21,8
3053,2011-02-18,80
3052,2011-02-17,263
3051,2011-02-16,205
3050,2011-02-15,47
3049,2011-02-14,457
3048,2011-02-11,946
3047,2011-02-10,841
3046,2011-02-09,576
3045,2011-02-08,166
3044,2011-02-07,628
3043,2011-02-04,761
3042,2011-02-03,327
3041,2011-02-02,594
3040,2011-02-01,110
3039,2011-01-31,819
3038,2011-01-28,222
3037,2011-01-27,479
3036,2011-01-26,99
3035,2011-01-25,269
3034,2011-01-24,193
3033,2011-01-21,923
3032,2011-01-20,353
3031,2011-01-19,424
3030,2011-01-18,691
3029,2011-01-17,525
3028,2011-01-14,449
3027,2011-01-13,798
3026,2011-01-12,282
3025,2011-01-11,757
3024,2011-01-10,975
3023,2011-01-07,775
3022,2011-01-06,880
3021,2011-01-05,692
3020,2011-01-04,534
3019,2010-12-30,349
3018,2010-12-29,749
3017,2010-12-28,176
3016,2010-12-27,384
3015,2010-12-24,157
3014,2010-12-23,16
3013,2010-12-22,819
3012,2010-12-21,554
3011,2010-12-20,810
3010,2010-12-17,69
3009,2010-12-16,665
3008,2010-12-15,393
3007,2010-12-14,435
3006,2010-12-13,180
3005,2010-12-10,943
3004,2010-12-09,74
3003,2010-12-08,583
3002,2010-12-07,947
3001,2010-12-06,971
3000,2010-12-03,206
2999,2010-12-02,551
2998,2010-12-01,355
2997,2010-11-30,852
2996,2010-11-29,920
2995,2010-11-26,897
2994,2010-11-25,731
2993,2010-11-24,448
2992,2010-11-23,153
2991,2010-11-22,272
2990,2010-11-19,345
2989,2010-11-18,697
2988,2010-11-17,703
2987,2010-11-16,139
2986,2010-11-15,656
2985,2010-11-12,719
2984,2010-11-11,692
2983,2010-11-10,279
2982,2010-11-09,503
2981,2010-11-08,742
2980,2010-11-05,676
2979,2010-11-04,624
2978,2010-11-03,895
2977,2010-11-02,880
2976,2010-11-01,204
2975,2010-10-29,254
2974,2010-10-28,666
2973,2010-10-27,227
2972,2010-10-26,207
2971,2010-10-25,228
2970,2010-10-22,932
2969,2010-10-21,704
2968,2010-10-20,611
2967,2010-10-19,435
2966,2010-10-18,680
2965,2010-10-15,368
2964,2010-10-14,722
2963,2010-10-13,851
2962,2010-10-12,915
2961,2010-10-11,870
2960,2010-10-08,936
2959,2010-10-07,581
2958,2010-10-06,296
2957,2010-10-05,196
2956,2010-10-04,496
2955,2010-10-01,433
2954,2010-09-30,618
2953,2010-09-29,214
2952,2010-09-28,72
2951,2010-09-27,188
2950,2010-09-24,619
2949,2010-09-23,663
2948,2010-09-22,376
2947,2010-09-21,155
2946,2010-09-20,475
2945,2010-09-17,961
2944,2010-09-16,442
2943,2010-09-15,884
2942,2010-09-14,257
2941,2010-09-13,393
2940,2010-09-10,221
2939,2010-09-09,119
2938,2010-09-08,257
2937,2010-09-07,736
2936,2010-09-06,7
2935,2010-09-03,685
2934,2010-09-02,496
2933,2010-09-01,698
2932,2010-08-31,551
2931,2010-08-30,296
2930,2010-08-27,54
2929,2010-08-26,199
2928,2010-08-25,371
2927,2010-08-24,553
2926,2010-08-23,530
2925,2010-08-20,92
2924,2010-08-19,633
2923,2010-08-18,931
2922,2010-08-17,193
2921,2010-08-16,232
2920,2010-08-13,424
2919,2010-08-12,607
2918,2010-08-11,54
2917,2010-08-10,403
2916,2010-08-09,76
2915,2010-08-06,11
2914,2010-08-05,673
2913,2010-08-04,828
2912,2010-08-03,14
2911,2010-08-02,539
2910,2010-07-30,990
2909,2010-07-29,827
2908,2010-07-28,793
2907,2010-07-27,216
2906,2010-07-26,396
2905,2010-07-23,551
2904,2010-07-22,223
2903,2010-07-21,548
2902,2010-07-20,883
2901,2010-07-19,523
2900,2010-07-16,395
2899,2010-07-15,731
2898,2010-07-14,890
2897,2010-07-13,105
2896,2010-07-12,867
2895,2010-07-09,287
2894,2010-07-08,824
2893,2010-07-07,458
2892,2010-07-06,274
2891,2010-07-05,458
2890,2010-07-02,23
2889,2010-07-01,104
2888,2010-06-30,497
2887,2010-06-29,554
2886,2010-06-28,505
2885,2010-06-25,89
2884,2010-06-24,554
2883,2010-06-23,91
2882,2010-06-22,549
2881,2010-06-21,606
2880,2010-06-18,27
2879,2010-06-17,30
2878,2010-06-16,168
2877,2010-06-15,313
2876,2010-06-14,999
2875,2010-06-11,239
2874,2010-06-10,328
2873,2010-06-09,998
2872,2010-06-08,882
2871,2010-06-07,895
2870,2010-06-04,951
2869,2010-06-03,567
2868,2010-06-02,520
2867,2010-06-01,727
2866,2010-05-31,182
2865,2010-05-28,589
2864,2010-05-27,169
2863,2010-05-26,417
2862,2010-05-25,786
2861,2010-05-24,17
2860,2010-05-21,803
2859,2010-05-20,919
2858,2010-05-19,514
2857,2010-05-18,832
2856,2010-05-17,427
2855,2010-05-14,428
2854,2010-05-13,949
2853,2010-05-12,93
2852,2010-05-11,162
2851,2010-05-10,227
2850,2010-05-07,752
2849,2010-05-06,41
2848,2010-05-05,948
2847,2010-05-04,916
2846,2010-05-03,802
2845,2010-04-30,108
2844,2010-04-29,371
2843,2010-04-28,802
2842,2010-04-27,368
2841,2010-04-26,954
2840,2010-04-23,142
2839,2010-04-22,928
2838,2010-04-21,304
2837,2010-04-20,265
2836,2010-04-19,420
2835,2010-04-16,558
2834,2010-04-15,815
2833,2010-04-14,618
2832,2010-04-13,354
2831,2010-04-12,696
2830,2010-04-09,629
2829,2010-04-08,643
2828,2010-04-07,448
2827,2010-04-06,638
2826,2010-04-05,258
2825,2010-04-02,848
2824,2010-04-01,862
2823,2010-03-31,698
2822,2010-03-30,463
2821,2010-03-29,659
2820,2010-03-26,860
2819,2010-03-25,229
2818,2010-03-24,986
2817,2010-03-23,999
2816,2010-03-22,507
2815,2010-03-19,810
2814,2010-03-18,921
2813,2010-03-17,714
2812,2010-03-16,443
2811,2010-03-15,157
2810,2010-03-12,527
2809,2010-03-11,484
2808,2010-03-10,848
2807,2010-03-09,640
2806,2010-03-08,117
2805,2010-03-05,66
2804,2010-03-04,334
2803,2010-03-03,581
2802,2010-03-02,856
2801,2010-03-01,963
2800,2010-02-26,122
2799,2010-02-25,389
2798,2010-02-24,179
2797,2010-02-23,63
2796,2010-02-22,738
2795,2010-02-19,650
2794,2010-02-18,232
2793,2010-02-17,71
2792,2010-02-16,135
2791,2010-02-15,768
2790,2010-02-12,959
2789,2010-02-11,726
2788,2010-02-10,295
2787,2010-02-09,350
2786,2010-02-08,747
2785,2010-02-05,932
2784,2010-02-04,829
2783,2010-02-03,677
2782,2010-02-02,252
2781,2010-02-01,351
2780,2010-01-29,562
2779,2010-01-28,422
2778,2010-01-27,227
2777,2010-01-26,452
2776,2010-01-25,29
2775,2010-01-22,258
2774,2010-01-21,236
2773,2010-01-20,919
2772,2010-01-19,579
2771,2010-01-18,35
2770,2010-01-15,271
2769,2010-01-14,900
2768,2010-01-13,999
2767,2010-01-12,850
2766,2010-01-11,32
2765,2010-01-08,523
2764,2010-01-07,845
2763,2010-01-06,112
2762,2010-01-05,619
2761,2010-01-04,232
2760,2009-12-30,552
2759,2009-12-29,812
2758,2009-12-28,355
2757,2009-12-25,756
2756,2009-12-24,237
2755,2009-12-23,198
2754,2009-12-22,551
2753,2009-12-21,891
2752,2009-12-18,589
2751,2009-12-17,200
2750,2009-12-16,336
2749,2009-12-15,437
2748,2009-12-14,476
2747,2009-12-11,941
2746,2009-12-10,967
2745,2009-12-09,385
2744,2009-12-08,50
2743,2009-12-07,26
2742,2009-12-04,606
2741,2009-12-03,640
2740,2009-12-02,875
2739,2009-12-01,502
2738,2009-11-30,676
2737,2009-11-27,342
2736,2009-11-26,973
2735,2009-11-25,660
2734,2009-11-24,702
2733,2009-11-23,887
2732,2009-11-20,967
2731,2009-11-19,204
2730,2009-11-18,184
2729,2009-11-17,790
2728,2009-11-16,141
2727,2009-11-13,864
2726,2009-11-12,977
2725,2009-11-11,286
2724,2009-11-10,309
2723,2009-11-09,611
2722,2009-11-06,578
2721,2009-11-05,414
2720,2009-11-04,747
2719,2009-11-03,505
2718,2009-11-02,24
2717,2009-10-30,803
2716,2009-10-29,837
2715,2009-10-28,709
2714,2009-10-27,911
2713,2009-10-26,572
2712,2009-10-23,659
2711,2009-10-22,132
2710,2009-10-21,295
2709,2009-10-20,493
2708,2009-10-19,113
2707,2009-10-16,153
2706,2009-10-15,951
2705,2009-10-14,767
2704,2009-10-13,71
2703,2009-10-12,721
2702,2009-10-09,145
2701,2009-10-08,493
2700,2009-10-07,280
2699,2009-10-06,943
2698,2009-10-05,853
2697,2009-10-02,684
2696,2009-10-01,341
2695,2009-09-30,368
2694,2009-09-29,76
2693,2009-09-28,545
2692,2009-09-25,225
2691,2009-09-24,446
2690,2009-09-23,565
2689,2009-09-22,728
2688,2009-09-21,799
2687,2009-09-18,32
2686,2009-09-17,834
2685,2009-09-16,624
2684,2009-09-15,336
2683,2009-09-14,584
2682,2009-09-11,977
2681,2009-09-10,469
2680,2009-09-09,760
2679,2009-09-08,833
2678,2009-09-07,129
2677,2009-09-04,507
2676,2009-09-03,805
2675,2009-09-02,130
2674,2009-09-01,298
2673,2009-08-31,935
2672,2009-08-28,565
2671,2009-08-27,434
2670,2009-08-26,824
2669,2009-08-25,420
2668,2009-08-24,436
2667,2009-08-21,376
2666,2009-08-20,271
2665,2009-08-19,248
2664,2009-08-18,382
2663,2009-08-17,259
2662,2009-08-14,40
2661,2009-08-13,733
2660,2009-08-12,711
2659,2009-08-11,992
2658,2009-08-10,878
2657,2009-08-07,395
2656,2009-08-06,196
2655,2009-08-05,809
2654,2009-08-04,156
2653,2009-08-03,70
2652,2009-07-31,236
2651,2009-07-30,222
2650,2009-07-29,166
2649,2009-07-28,195
2648,2009-07-27,89
2647,2009-07-24,891
2646,2009-07-23,422
2645,2009-07-22,923
2644,2009-07-21,605
2643,2009-07-20,381
2642,2009-07-17,613
2641,2009-07-16,781
2640,2009-07-15,183
2639,2009-07-14,466
2638,2009-07-13,658
2637,2009-07-10,818
2636,2009-07-09,819
2635,2009-07-08,974
2634,2009-07-07,548
2633,2009-07-06,814
2632,2009-07-03,175
2631,2009-07-02,66
2630,2009-07-01,934
2629,2009-06-30,536
2628,2009-06-29,209
2627,2009-06-26,524
2626,2009-06-25,406
2625,2009-06-24,996
2624,2009-06-23,875
2623,2009-06-22,619
2622,2009-06-19,354
2621,2009-06-18,308
2620,2009-06-17,275
2619,2009-06-16,613
2618,2009-06-15,759
2617,2009-06-12,569
2616,2009-06-11,47
2615,2009-06-10,207
2614,2009-06-09,668
2613,2009-06-08,831
2612,2009-06-05,617
2611,2009-06-04,109
2610,2009-06-03,643
2609,2009-06-02,679
2608,2009-06-01,108
2607,2009-05-29,227
2606,2009-05-28,114
2605,2009-05-27,412
2604,2009-05-26,870
2603,2009-05-25,869
2602,2009-05-22,87
2601,2009-05-21,125
2600,2009-05-20,748
2599,2009-05-19,23
2598,2009-05-18,854
2597,2009-05-15,948
2596,2009-05-14,769
2595,2009-05-13,117
2594,2009-05-12,713
2593,2009-05-11,637
2592,2009-05-08,183
2591,2009-05-07,972
2590,2009-05-06,401
2589,2009-05-05,967
2588,2009-05-04,714
2587,2009-05-01,775
2586,2009-04-30,124
2585,2009-04-29,943
2584,2009-04-28,263
2583,2009-04-27,938
2582,2009-04-24,179
2581,2009-04-23,916
2580,2009-04-22,315
2579,2009-04-21,397
2578,2009-04-20,125
2577,2009-04-17,925
2576,2009-04-16,870
2575,2009-04-15,401
2574,2009-04-14,396
2573,2009-04-13,910
2572,2009-04-10,400
2571,2009-04-09,169
2570,2009-04-08,472
2569,2009-04-07,283
2568,2009-04-06,890
2567,2009-04-03,477
2566,2009-04-02,308
2565,2009-04-01,597
2564,2009-03-31,566
2563,2009-03-30,413
2562,2009-03-27,117
2561,2009-03-26,667
2560,2009-03-25,753
2559,2009-03-24,445
2558,2009-03-23,611
2557,2009-03-20,50
2556,2009-03-19,586
2555,2009-03-18,118
2554,2009-03-17,828
2553,2009-03-16,404
2552,2009-03-13,195
2551,2009-03-12,571
2550,2009-03-11,814
2549,2009-03-10,481
2548,2009-03-09,779
2547,2009-03-06,992
2546,2009-03-05,11
2545,2009-03-04,660
2544,2009-03-03,403
2543,2009-03-02,596
2542,2009-02-27,660
2541,2009-02-26,788
2540,2009-02-25,787
2539,2009-02-24,686
2538,2009-02-23,484
2537,2009-02-20,70
2536,2009-02-19,133
2535,2009-02-18,134
2534,2009-02-17,648
2533,2009-02-16,529
2532,2009-02-13,31
2531,2009-02-12,319
2530,2009-02-11,776
2529,2009-02-10,320
2528,2009-02-09,69
2527,2009-02-06,147
2526,2009-02-05,573
2525,2009-02-04,434
2524,2009-02-03,461
2523,2009-02-02,412
2522,2009-01-30,631
2521,2009-01-29,845
2520,2009-01-28,826
2519,2009-01-27,762
2518,2009-01-26,509
2517,2009-01-23,593
2516,2009-01-22,614
2515,2009-01-21,828
2514,2009-01-20,776
2513,2009-01-19,233
2512,2009-01-16,308
2511,2009-01-15,715
2510,2009-01-14,243
2509,2009-01-13,1
2508,2009-01-12,328
2507,2009-01-09,685
2506,2009-01-08,724
2505,2009-01-07,797
2504,2009-01-06,799
2503,2009-01-05,534
2502,2008-12-30,654
2501,2008-12-29,610
2500,2008-12-26,885
2499,2008-12-25,817
2498,2008-12-24,300
2497,2008-12-23,630
2496,2008-12-22,514
2495,2008-12-19,12
2494,2008-12-18,669
2493,2008-12-17,640
2492,2008-12-16,155
2491,2008-12-15,420
2490,2008-12-12,308
2489,2008-12-11,75
2488,2008-12-10,927
2487,2008-12-09,260
2486,2008-12-08,341
2485,2008-12-05,588
2484,2008-12-04,82
2483,2008-12-03,707
2482,2008-12-02,415
2481,2008-12-01,908
2480,2008-11-28,879
2479,2008-11-27,20
2478,2008-11-26,425
2477,2008-11-25,381
2476,2008-11-24,560
2475,2008-11-21,933
2474,2008-11-20,870
2473,2008-11-19,278
2472,2008-11-18,862
2471,2008-11-17,424
2470,2008-11-14,654
2469,2008-11-13,868
2468,2008-11-12,178
2467,2008-11-11,758
2466,2008-11-10,634
2465,2008-11-07,996
2464,2008-11-06,150
2463,2008-11-05,89
2462,2008-11-04,600
2461,2008-11-03,226
2460,2008-10-31,449
2459,2008-10-30,108
2458,2008-10-29,942
2457,2008-10-28,625
2456,2008-10-27,969
2455,2008-10-24,247
2454,2008-10-23,562
2453,2008-10-22,213
2452,2008-10-21,53
2451,2008-10-20,618
2450,2008-10-17,327
2449,2008-10-16,136
2448,2008-10-15,950
2447,2008-10-14,560
2446,2008-10-13,468
2445,2008-10-10,410
2444,2008-10-09,493
2443,2008-10-08,15
2442,2008-10-07,591
2441,2008-10-06,187
2440,2008-10-03,234
2439,2008-10-02,157
2438,2008-10-01,802
2437,2008-09-30,817
2436,2008-09-29,321
2435,2008-09-26,972
2434,2008-09-25,544
2433,2008-09-24,440
2432,2008-09-23,223
2431,2008-09-22,675
2430,2008-09-19,314
2429,2008-09-18,432
2428,2008-09-17,748
2427,2008-09-16,232
2426,2008-09-15,472
2425,2008-09-12,621
2424,2008-09-11,718
2423,2008-09-10,953
2422,2008-09-09,417
2421,2008-09-08,148
2420,2008-09-05,801
2419,2008-09-04,532
2418,2008-09-03,425
2417,2008-09-02,200
2416,2008-09-01,200
2415,2008-08-29,734
2414,2008-08-28,483
2413,2008-08-27,764
2412,2008-08-26,725
2411,2008-08-25,667
2410,2008-08-22,551
2409,2008-08-21,677
2408,2008-08-20,16
2407,2008-08-19,812
2406,2008-08-18,247
2405,2008-08-15,311
2404,2008-08-14,158
2403,2008-08-13,750
2402,2008-08-12,928
2401,2008-08-11,117
2400,2008-08-08,703
2399,2008-08-07,801
2398,2008-08-06,140
2397,2008-08-05,531
2396,2008-08-04,3
2395,2008-08-01,169
2394,2008-07-31,8
2393,2008-07-30,963
2392,2008-07-29,325
2391,2008-07-28,900
2390,2008-07-25,271
2389,2008-07-24,142
2388,2008-07-23,475
2387,2008-07-22,626
2386,2008-07-21,141
2385,2008-07-18,733
2384,2008-07-17,66
2383,2008-07-16,568
2382,2008-07-15,141
2381,2008-07-14,286
2380,2008-07-11,372
2379,2008-07-10,200
2378,2008-07-09,808
2377,2008-07-08,202
2376,2008-07-07,271
2375,2008-07-04,618
2374,2008-07-03,943
2373,2008-07-02,703
2372,2008-07-01,856
2371,2008-06-30,960
2370,2008-06-27,816
2369,2008-06-26,9
2368,2008-06-25,597
2367,2008-06-24,777
2366,2008-06-23,991
2365,2008-06-20,70
2364,2008-06-19,401
2363,2008-06-18,215
2362,2008-06-17,809
2361,2008-06-16,474
2360,2008-06-13,272
2359,2008-06-12,538
2358,2008-06-11,704
2357,2008-06-10,596
2356,2008-06-09,91
2355,2008-06-06,453
2354,2008-06-05,739
2353,2008-06-04,471
2352,2008-06-03,41
2351,2008-06-02,342
2350,2008-05-30,772
2349,2008-05-29,842
2348,2008-05-28,975
2347,2008-05-27,183
2346,2008-05-26,613
2345,2008-05-23,316
2344,2008-05-22,677
2343,2008-05-21,950
2342,2008-05-20,874
2341,2008-05-19,728
2340,2008-05-16,119
2339,2008-05-15,302
2338,2008-05-14,357
2337,2008-05-13,907
2336,2008-05-12,970
2335,2008-05-09,655
2334,2008-05-08,276
2333,2008-05-07,46
2332,2008-05-06,627
2331,2008-05-05,779
2330,2008-05-02,751
2329,2008-05-01,162
2328,2008-04-30,724
2327,2008-04-29,212
2326,2008-04-28,670
2325,2008-04-25,117
2324,2008-04-24,774
2323,2008-04-23,621
2322,2008-04-22,679
2321,2008-04-21,668
2320,2008-04-18,617
2319,2008-04-17,237
2318,2008-04-16,230
2317,2008-04-15,165
2316,2008-04-14,422
2315,2008-04-11,946
2314,2008-04-10,499
2313,2008-04-09,412
2312,2008-04-08,478
2311,2008-04-07,457
2310,2008-04-04,889
2309,2008-04-03,279
2308,2008-04-02,601
2307,2008-04-01,401
2306,2008-03-31,909
2305,2008-03-28,197
2304,2008-03-27,631
2303,2008-03-26,22
2302,2008-03-25,849
2301,2008-03-24,48
2300,2008-03-21,411
2299,2008-03-20,418
2298,2008-03-19,240
2297,2008-03-18,440
2296,2008-03-17,281
2295,2008-03-14,317
2294,2008-03-13,139
2293,2008-03-12,633
2292,2008-03-11,685
2291,2008-03-10,686
2290,2008-03-07,842
2289,2008-03-06,858
2288,2008-03-05,22
2287,2008-03-04,199
2286,2008-03-03,648
2285,2008-02-29,616
2284,2008-02-28,956
2283,2008-02-27,348
2282,2008-02-26,472
2281,2008-02-25,128
2280,2008-02-22,175
2279,2008-02-21,276
2278,2008-02-20,215
2277,2008-02-19,802
2276,2008-02-18,599
2275,2008-02-15,435
2274,2008-02-14,705
2273,2008-02-13,569
2272,2008-02-12,610
2271,2008-02-11,14
2270,2008-02-08,86
2269,2008-02-07,14
2268,2008-02-06,745
2267,2008-02-05,699
2266,2008-02-04,122
2265,2008-02-01,170
2264,2008-01-31,309
2263,2008-01-30,514
2262,2008-01-29,488
2261,2008-01-28,982
2260,2008-01-25,4
2259,2008-01-24,18
2258,2008-01-23,390
2257,2008-01-22,297
2256,2008-01-21,875
2255,2008-01-18,66
2254,2008-01-17,810
2253,2008-01-16,178
2252,2008-01-15,651
2251,2008-01-14,978
2250,2008-01-11,900
2249,2008-01-10,972
2248,2008-01-09,443
2247,2008-01-08,682
2246,2008-01-07,965
2245,2008-01-04,29
2244,2007-12-28,182
2243,2007-12-27,715
2242,2007-12-26,304
2241,2007-12-25,294
2240,2007-12-24,768
2239,2007-12-21,958
2238,2007-12-20,538
2237,2007-12-19,896
2236,2007-12-18,761
2235,2007-12-17,888
2234,2007-12-14,579
2233,2007-12-13,33
2232,2007-12-12,580
2231,2007-12-11,943
2230,2007-12-10,839
2229,2007-12-08,306
2228,2007-12-07,426
2227,2007-12-06,515
2226,2007-12-05,517
2225,2007-12-04,469
2224,2007-11-30,326
2223,2007-11-29,361
2222,2007-11-28,373
2221,2007-11-27,395
2220,2007-11-26,781
2219,2007-11-23,601
2218,2007-11-22,13
2217,2007-11-21,145
2216,2007-11-20,652
2215,2007-11-19,762
2214,2007-11-16,679
2213,2007-11-15,892
2212,2007-11-14,785
2211,2007-11-13,334
2210,2007-11-12,638
2209,2007-11-09,409
2208,2007-11-08,955
2207,2007-11-07,418
2206,2007-11-06,928
2205,2007-11-05,18
2204,2007-11-02,254
2203,2007-11-01,38
2202,2007-10-31,675
2201,2007-10-30,79
2200,2007-10-29,130
2199,2007-10-26,685
2198,2007-10-25,614
2197,2007-10-24,391
2196,2007-10-23,171
2195,2007-10-22,604
2194,2007-10-19,966
2193,2007-10-18,832
2192,2007-10-17,757
2191,2007-10-16,864
2190,2007-10-15,278
2189,2007-10-12,561
2188,2007-10-11,785
2187,2007-10-10,884
2186,2007-10-07,744
2185,2007-10-06,525
2184,2007-10-05,236
2183,2007-10-04,863
2182,2007-10-03,958
2181,2007-10-02,809
2180,2007-10-01,644
2179,2007-09-28,9
2178,2007-09-27,842
2177,2007-09-26,691
2176,2007-09-25,762
2175,2007-09-24,938
2174,2007-09-21,461
2173,2007-09-20,145
2172,2007-09-19,673
2171,2007-09-18,233
2170,2007-09-17,755
2169,2007-09-14,618
2168,2007-09-13,169
2167,2007-09-12,198
2166,2007-09-11,92
2165,2007-09-10,400
2164,2007-09-08,150
2163,2007-09-07,571
2162,2007-09-06,677
2161,2007-09-05,626
2160,2007-09-04,353
2159,2007-08-31,387
2158,2007-08-30,585
2157,2007-08-29,678
2156,2007-08-28,239
2155,2007-08-27,494
2154,2007-08-24,830
2153,2007-08-23,152
2152,2007-08-22,730
2151,2007-08-21,912
2150,2007-08-20,975
2149,2007-08-17,703
2148,2007-08-16,822
2147,2007-08-15,478
2146,2007-08-14,35
2145,2007-08-13,700
2144,2007-08-10,189
2143,2007-08-09,987
2142,2007-08-08,112
2141,2007-08-07,81
2140,2007-08-06,318
2139,2007-08-03,509
2138,2007-08-02,498
2137,2007-08-01,931
2136,2007-07-31,971
2135,2007-07-30,254
2134,2007-07-27,391
2133,2007-07-26,818
2132,2007-07-25,938
2131,2007-07-24,287
2130,2007-07-23,857
2129,2007-07-20,89
2128,2007-07-19,600
2127,2007-07-18,752
2126,2007-07-17,398
2125,2007-07-16,864
2124,2007-07-13,867
2123,2007-07-12,586
2122,2007-07-11,778
2121,2007-07-10,170
2120,2007-07-09,591
2119,2007-07-06,128
2118,2007-07-05,55
2117,2007-07-04,12
2116,2007-07-03,656
2115,2007-07-02,447
2114,2007-06-29,453
2113,2007-06-28,278
2112,2007-06-27,482
2111,2007-06-26,925
2110,2007-06-25,859
2109,2007-06-22,757
2108,2007-06-21,106
2107,2007-06-20,791
2106,2007-06-19,584
2105,2007-06-18,222
2104,2007-06-15,236
2103,2007-06-14,989
2102,2007-06-13,560
2101,2007-06-12,135
2100,2007-06-11,642
2099,2007-06-08,32
2098,2007-06-07,405
2097,2007-06-06,45
2096,2007-06-05,556
2095,2007-06-04,242
2094,2007-06-01,392
2093,2007-05-31,386
2092,2007-05-30,156
2091,2007-05-29,428
2090,2007-05-28,642
2089,2007-05-25,353
2088,2007-05-24,407
2087,2007-05-23,821
2086,2007-05-22,803
2085,2007-05-21,522
2084,2007-05-18,826
2083,2007-05-17,544
2082,2007-05-16,178
2081,2007-05-15,716
2080,2007-05-14,594
2079,2007-05-11,725
2078,2007-05-10,466
2077,2007-05-09,936
2076,2007-05-08,827
2075,2007-05-07,302
2074,2007-05-04,172
2073,2007-05-03,231
2072,2007-05-02,399
2071,2007-05-01,654
2070,2007-04-30,701
2069,2007-04-27,306
2068,2007-04-26,157
2067,2007-04-25,123
2066,2007-04-24,456
2065,2007-04-23,301
2064,2007-04-20,926
2063,2007-04-19,519
2062,2007-04-18,621
2061,2007-04-17,974
2060,2007-04-16,223
2059,2007-04-13,183
2058,2007-04-12,715
2057,2007-04-11,165
2056,2007-04-10,646
2055,2007-04-09,266
2054,2007-04-06,379
2053,2007-04-05,368
2052,2007-04-04,121
2051,2007-04-03,330
2050,2007-04-02,746
2049,2007-03-30,771
2048,2007-03-29,984
2047,2007-03-28,1
2046,2007-03-27,707
2045,2007-03-26,632
2044,2007-03-23,34
2043,2007-03-22,334
2042,2007-03-21,550
2041,2007-03-20,149
2040,2007-03-19,732
2039,2007-03-16,231
2038,2007-03-15,977
2037,2007-03-14,971
2036,2007-03-13,403
2035,2007-03-12,415
2034,2007-03-09,938
2033,2007-03-08,417
2032,2007-03-07,974
2031,2007-03-06,477
2030,2007-03-05,321
2029,2007-03-02,308
2028,2007-03-01,378
2027,2007-02-28,172
2026,2007-02-27,160
2025,2007-02-26,964
2024,2007-02-23,939
2023,2007-02-22,705
2022,2007-02-21,240
2021,2007-02-20,27
2020,2007-02-19,449
2019,2007-02-16,519
2018,2007-02-15,453
2017,2007-02-14,315
2016,2007-02-13,268
2015,2007-02-12,842
2014,2007-02-09,8
2013,2007-02-08,874
2012,2007-02-07,539
2011,2007-02-06,815
2010,2007-02-05,412
2009,2007-02-02,594
2008,2007-02-01,624
2007,2007-01-31,311
2006,2007-01-30,574
2005,2007-01-29,525
2004,2007-01-26,810
2003,2007-01-25,537
2002,2007-01-24,567
2001,2007-01-23,325
2000,2007-01-22,440
1999,2007-01-19,900
1998,2007-01-18,580
1997,2007-01-17,908
1996,2007-01-16,581
1995,2007-01-15,847
1994,2007-01-12,305
1993,2007-01-11,438
1992,2007-01-10,949
1991,2007-01-09,522
1990,2007-01-08,726
1989,2007-01-05,942
1988,2007-01-04,90
1987,2006-12-29,61
1986,2006-12-28,129
1985,2006-12-27,824
1984,2006-12-26,258
1983,2006-12-25,218
1982,2006-12-22,833
1981,2006-12-21,778
1980,2006-12-20,652
1979,2006-12-19,808
1978,2006-12-18,649
1977,2006-12-15,536
1976,2006-12-14,555
1975,2006-12-13,49
1974,2006-12-12,692
1973,2006-12-11,719
1972,2006-12-08,58
1971,2006-12-07,198
1970,2006-12-06,455
1969,2006-12-05,675
1968,2006-12-04,407
1967,2006-12-01,533
1966,2006-11-30,826
1965,2006-11-29,42
1964,2006-11-28,359
1963,2006-11-27,697
1962,2006-11-24,395
1961,2006-11-23,92
1960,2006-11-22,460
1959,2006-11-21,192
1958,2006-11-20,312
1957,2006-11-17,414
1956,2006-11-16,432
1955,2006-11-15,861
1954,2006-11-14,131
1953,2006-11-13,972
1952,2006-11-10,368
1951,2006-11-09,663
1950,2006-11-08,630
1949,2006-11-07,713
1948,2006-11-06,992
1947,2006-11-03,303
1946,2006-11-02,679
1945,2006-11-01,855
1944,2006-10-31,121
1943,2006-10-30,588
1942,2006-10-27,850
1941,2006-10-26,483
1940,2006-10-25,440
1939,2006-10-24,286
1938,2006-10-23,243
1937,2006-10-20,703
1936,2006-10-19,113
1935,2006-10-18,236
1934,2006-10-17,700
1933,2006-10-16,559
1932,2006-10-13,887
1931,2006-10-12,595
1930,2006-10-11,402
1929,2006-10-10,874
1928,2006-10-09,113
1927,2006-10-06,813
1926,2006-10-05,924
1925,2006-10-04,757
1924,2006-10-03,461
1923,2006-10-02,633
1922,2006-09-29,448
1921,2006-09-28,890
1920,2006-09-27,898
1919,2006-09-26,161
1918,2006-09-25,402
1917,2006-09-22,875
1916,2006-09-21,586
1915,2006-09-20,918
1914,2006-09-19,955
1913,2006-09-18,121
1912,2006-09-15,19
1911,2006-09-14,62
1910,2006-09-13,468
1909,2006-09-12,859
1908,2006-09-11,892
1907,2006-09-08,815
1906,2006-09-07,522
1905,2006-09-06,104
1904,2006-09-05,874
1903,2006-09-04,349
1902,2006-09-01,899
1901,2006-08-31,535
1900,2006-08-30,845
1899,2006-08-29,374
1898,2006-08-28,321
1897,2006-08-25,924
1896,2006-08-24,656
1895,2006-08-23,937
1894,2006-08-22,273
1893,2006-08-21,856
1892,2006-08-18,183
1891,2006-08-17,924
1890,2006-08-16,269
1889,2006-08-15,647
1888,2006-08-14,370
1887,2006-08-11,172
1886,2006-08-10,932
1885,2006-08-09,51
1884,2006-08-08,528
1883,2006-08-07,76
1882,2006-08-04,914
1881,2006-08-03,558
1880,2006-08-02,674
1879,2006-08-01,742
1878,2006-07-31,141
1877,2006-07-28,190
1876,2006-07-27,129
1875,2006-07-26,666
1874,2006-07-25,806
1873,2006-07-24,638
1872,2006-07-21,496
1871,2006-07-20,973
1870,2006-07-19,847
1869,2006-07-18,544
1868,2006-07-17,733
1867,2006-07-14,702
1866,2006-07-13,675
1865,2006-07-12,299
1864,2006-07-11,926
1863,2006-07-10,236
1862,2006-07-07,890
1861,2006-07-06,95
1860,2006-07-05,117
1859,2006-07-04,878
1858,2006-07-03,878
1857,2006-06-30,218
1856,2006-06-29,618
1855,2006-06-28,567
1854,2006-06-27,980
1853,2006-06-26,420
1852,2006-06-23,572
1851,2006-06-22,150
1850,2006-06-21,691
1849,2006-06-20,127
1848,2006-06-19,696
1847,2006-06-16,612
1846,2006-06-15,862
1845,2006-06-14,333
1844,2006-06-13,178
1843,2006-06-12,269
1842,2006-06-09,640
1841,2006-06-08,858
1840,2006-06-07,795
1839,2006-06-06,850
1838,2006-06-05,173
1837,2006-06-02,198
1836,2006-06-01,792
1835,2006-05-31,896
1834,2006-05-30,293
1833,2006-05-29,873
1832,2006-05-26,598
1831,2006-05-25,941
1830,2006-05-24,287
1829,2006-05-23,962
1828,2006-05-22,493
1827,2006-05-19,908
1826,2006-05-18,299
1825,2006-05-17,694
1824,2006-05-16,423
1823,2006-05-15,109
1822,2006-05-12,176
1821,2006-05-11,994
1820,2006-05-10,694
1819,2006-05-09,212
1818,2006-05-08,387
1817,2006-05-05,74
1816,2006-05-04,861
1815,2006-05-03,49
1814,2006-05-02,735
1813,2006-05-01,686
1812,2006-04-28,326
1811,2006-04-27,528
1810,2006-04-26,940
1809,2006-04-25,913
1808,2006-04-24,422
1807,2006-04-21,36
1806,2006-04-20,872
1805,2006-04-19,115
1804,2006-04-18,273
1803,2006-04-17,575
1802,2006-04-14,372
1801,2006-04-13,575
1800,2006-04-12,483
1799,2006-04-11,490
1798,2006-04-10,748
1797,2006-04-07,829
1796,2006-04-06,587
1795,2006-04-05,439
1794,2006-04-04,28
1793,2006-04-03,630
1792,2006-03-31,261
1791,2006-03-30,853
1790,2006-03-29,619
1789,2006-03-28,794
1788,2006-03-27,740
1787,2006-03-24,678
1786,2006-03-23,323
1785,2006-03-22,645
1784,2006-03-21,955
1783,2006-03-20,790
1782,2006-03-17,435
1781,2006-03-16,20
1780,2006-03-15,164
1779,2006-03-14,321
1778,2006-03-13,831
1777,2006-03-10,331
1776,2006-03-09,259
1775,2006-03-08,50
1774,2006-03-07,431
1773,2006-03-06,32
1772,2006-03-03,643
1771,2006-03-02,679
1770,2006-03-01,755
1769,2006-02-28,617
1768,2006-02-27,743
1767,2006-02-24,965
1766,2006-02-23,455
1765,2006-02-22,131
1764,2006-02-21,433
1763,2006-02-20,606
1762,2006-02-17,484
1761,2006-02-16,901
1760,2006-02-15,399
1759,2006-02-14,358
1758,2006-02-13,148
1757,2006-02-10,64
1756,2006-02-09,29
1755,2006-02-08,571
1754,2006-02-07,559
1753,2006-02-06,86
1752,2006-02-03,92
1751,2006-02-02,634
1750,2006-02-01,870
1749,2006-01-31,696
1748,2006-01-30,21
1747,2006-01-27,562
1746,2006-01-26,293
1745,2006-01-25,979
1744,2006-01-24,188
1743,2006-01-23,846
1742,2006-01-20,916
1741,2006-01-19,503
1740,2006-01-18,801
1739,2006-01-17,884
1738,2006-01-16,771
1737,2006-01-13,433
1736,2006-01-12,675
1735,2006-01-11,733
1734,2006-01-10,897
1733,2006-01-09,674
1732,2006-01-06,119
1731,2006-01-05,998
1730,2006-01-04,266
1729,2005-12-30,62
1728,2005-12-29,908
1727,2005-12-28,646
1726,2005-12-27,836
1725,2005-12-26,916
1724,2005-12-23,616
1723,2005-12-22,164
1722,2005-12-21,863
1721,2005-12-20,33
1720,2005-12-19,28
1719,2005-12-16,257
1718,2005-12-15,161
1717,2005-12-14,610
1716,2005-12-13,792
1715,2005-12-12,846
1714,2005-12-09,347
1713,2005-12-08,101
1712,2005-12-07,280
1711,2005-12-06,803
1710,2005-12-05,692
1709,2005-12-02,477
1708,2005-12-01,463
1707,2005-11-30,104
1706,2005-11-29,855
1705,2005-11-28,759
1704,2005-11-25,924
1703,2005-11-24,449
1702,2005-11-23,469
1701,2005-11-22,678
1700,2005-11-21,844
1699,2005-11-18,47
1698,2005-11-17,533
1697,2005-11-16,893
1696,2005-11-15,948
1695,2005-11-14,639
1694,2005-11-11,808
1693,2005-11-10,906
1692,2005-11-09,538
1691,2005-11-08,180
1690,2005-11-07,559
1689,2005-11-04,357
1688,2005-11-03,918
1687,2005-11-02,97
1686,2005-11-01,15
1685,2005-10-31,453
1684,2005-10-28,461
1683,2005-10-27,797
1682,2005-10-26,237
1681,2005-10-25,741
1680,2005-10-24,832
1679,2005-10-21,650
1678,2005-10-20,775
1677,2005-10-19,288
1676,2005-10-18,448
1675,2005-10-17,269
1674,2005-10-14,673
1673,2005-10-13,871
1672,2005-10-12,990
1671,2005-10-11,175
1670,2005-10-10,968
1669,2005-10-07,26
1668,2005-10-06,616
1667,2005-10-05,928
1666,2005-10-04,193
1665,2005-10-03,571
1664,2005-09-30,542
1663,2005-09-29,852
1662,2005-09-28,783
1661,2005-09-27,138
1660,2005-09-26,554
1659,2005-09-23,823
1658,2005-09-22,896
1657,2005-09-21,198
1656,2005-09-20,784
1655,2005-09-19,927
1654,2005-09-16,638
1653,2005-09-15,975
1652,2005-09-14,59
1651,2005-09-13,839
1650,2005-09-12,775
1649,2005-09-09,722
1648,2005-09-08,633
1647,2005-09-07,57
1646,2005-09-06,353
1645,2005-09-05,792
1644,2005-09-02,917
1643,2005-09-01,948
1642,2005-08-31,60
1641,2005-08-30,439
1640,2005-08-29,787
1639,2005-08-26,501
1638,2005-08-25,451
1637,2005-08-24,644
1636,2005-08-23,980
1635,2005-08-22,509
1634,2005-08-19,77
1633,2005-08-18,868
1632,2005-08-17,486
1631,2005-08-16,755
1630,2005-08-15,626
1629,2005-08-12,660
1628,2005-08-11,607
1627,2005-08-10,368
1626,2005-08-09,168
1625,2005-08-08,929
1624,2005-08-05,977
1623,2005-08-04,934
1622,2005-08-03,943
1621,2005-08-02,482
1620,2005-08-01,424
1619,2005-07-29,319
1618,2005-07-28,720
1617,2005-07-27,726
1616,2005-07-26,347
1615,2005-07-25,448
1614,2005-07-22,861
1613,2005-07-21,465
1612,2005-07-20,261
1611,2005-07-19,441
1610,2005-07-18,922
1609,2005-07-15,430
1608,2005-07-14,318
1607,2005-07-13,382
1606,2005-07-12,312
1605,2005-07-11,964
1604,2005-07-08,382
1603,2005-07-07,762
1602,2005-07-06,885
1601,2005-07-05,899
1600,2005-07-04,146
1599,2005-07-01,332
1598,2005-06-30,395
1597,2005-06-29,747
1596,2005-06-28,95
1595,2005-06-27,65
1594,2005-06-24,377
1593,2005-06-23,378
1592,2005-06-22,402
1591,2005-06-21,671
1590,2005-06-20,97
1589,2005-06-17,351
1588,2005-06-16,769
1587,2005-06-15,368
1586,2005-06-14,885
1585,2005-06-13,709
1584,2005-06-10,217
1583,2005-06-09,287
1582,2005-06-08,920
1581,2005-06-07,100
1580,2005-06-06,42
1579,2005-06-03,327
1578,2005-06-02,363
1577,2005-06-01,634
1576,2005-05-31,392
1575,2005-05-30,659
1574,2005-05-27,835
1573,2005-05-26,917
1572,2005-05-25,597
1571,2005-05-24,660
1570,2005-05-23,827
1569,2005-05-20,529
1568,2005-05-19,204
1567,2005-05-18,16
1566,2005-05-17,182
1565,2005-05-16,565
1564,2005-05-13,241
1563,2005-05-12,542
1562,2005-05-11,453
1561,2005-05-10,378
1560,2005-05-09,973
1559,2005-05-06,614
1558,2005-05-05,781
1557,2005-05-04,222
1556,2005-05-03,250
1555,2005-05-02,459
1554,2005-04-29,589
1553,2005-04-28,178
1552,2005-04-27,530
1551,2005-04-26,788
1550,2005-04-25,560
1549,2005-04-22,203
1548,2005-04-21,942
1547,2005-04-20,73
1546,2005-04-19,841
1545,2005-04-18,629
1544,2005-04-15,190
1543,2005-04-14,400
1542,2005-04-13,43
1541,2005-04-12,776
1540,2005-04-11,350
1539,2005-04-08,215
1538,2005-04-07,507
1537,2005-04-06,482
1536,2005-04-05,414
1535,2005-04-04,567
1534,2005-04-01,84
1533,2005-03-31,716
1532,2005-03-30,786
1531,2005-03-29,857
1530,2005-03-28,686
1529,2005-03-25,235
1528,2005-03-24,948
1527,2005-03-23,751
1526,2005-03-22,963
1525,2005-03-21,729
1524,2005-03-18,319
1523,2005-03-17,387
1522,2005-03-16,776
1521,2005-03-15,87
1520,2005-03-14,680
1519,2005-03-11,384
1518,2005-03-10,266
1517,2005-03-09,578
1516,2005-03-08,603
1515,2005-03-07,412
1514,2005-03-04,707
1513,2005-03-03,970
1512,2005-03-02,887
1511,2005-03-01,212
1510,2005-02-28,917
1509,2005-02-25,613
1508,2005-02-24,928
1507,2005-02-23,379
1506,2005-02-22,63
1505,2005-02-21,419
1504,2005-02-18,58
1503,2005-02-17,533
1502,2005-02-16,556
1501,2005-02-15,793
1500,2005-02-14,453
1499,2005-02-11,196
1498,2005-02-10,754
1497,2005-02-09,738
1496,2005-02-08,742
1495,2005-02-07,601
1494,2005-02-04,800
1493,2005-02-03,313
1492,2005-02-02,997
1491,2005-02-01,287
1490,2005-01-31,807
1489,2005-01-28,218
1488,2005-01-27,968
1487,2005-01-26,465
1486,2005-01-25,526
1485,2005-01-24,369
1484,2005-01-21,26
1483,2005-01-20,780
1482,2005-01-19,423
1481,2005-01-18,328
1480,2005-01-17,809
1479,2005-01-14,536
1478,2005-01-13,137
1477,2005-01-12,275
1476,2005-01-11,55
1475,2005-01-10,576
1474,2005-01-07,784
1473,2005-01-06,429
1472,2005-01-05,227
1471,2005-01-04,902
1470,2004-12-30,815
1469,2004-12-29,213
1468,2004-12-28,497
1467,2004-12-27,625
1466,2004-12-24,95
1465,2004-12-23,824
1464,2004-12-22,82
1463,2004-12-21,344
1462,2004-12-20,799
1461,2004-12-17,279
1460,2004-12-16,377
1459,2004-12-15,869
1458,2004-12-14,609
1457,2004-12-13,310
1456,2004-12-10,662
1455,2004-12-09,363
1454,2004-12-08,616
1453,2004-12-07,966
1452,2004-12-06,301
1451,2004-12-03,288
1450,2004-12-02,133
1449,2004-12-01,940
1448,2004-11-30,189
1447,2004-11-29,925
1446,2004-11-26,588
1445,2004-11-25,392
1444,2004-11-24,65
1443,2004-11-23,701
1442,2004-11-22,94
1441,2004-11-19,798
1440,2004-11-18,684
1439,2004-11-17,306
1438,2004-11-16,582
1437,2004-11-15,667
1436,2004-11-12,196
1435,2004-11-11,545
1434,2004-11-10,299
1433,2004-11-09,638
1432,2004-11-08,400
1431,2004-11-05,742
1430,2004-11-04,295
1429,2004-11-03,819
1428,2004-11-02,699
1427,2004-11-01,638
1426,2004-10-29,754
1425,2004-10-28,660
1424,2004-10-27,353
1423,2004-10-26,234
1422,2004-10-25,945
1421,2004-10-22,490
1420,2004-10-21,499
1419,2004-10-20,64
1418,2004-10-19,335
1417,2004-10-18,876
1416,2004-10-15,266
1415,2004-10-14,189
1414,2004-10-13,670
1413,2004-10-12,620
1412,2004-10-11,697
1411,2004-10-08,355
1410,2004-10-07,391
1409,2004-10-06,949
1408,2004-10-05,945
1407,2004-10-04,835
1406,2004-10-01,374
1405,2004-09-30,187
1404,2004-09-29,804
1403,2004-09-28,638
1402,2004-09-27,374
1401,2004-09-24,206
1400,2004-09-23,522
1399,2004-09-22,540
1398,2004-09-21,812
1397,2004-09-20,934
1396,2004-09-17,621
1395,2004-09-16,234
1394,2004-09-15,593
1393,2004-09-14,190
1392,2004-09-13,921
1391,2004-09-10,808
1390,2004-09-09,782
1389,2004-09-08,463
1388,2004-09-07,632
1387,2004-09-06,905
1386,2004-09-03,489
1385,2004-09-02,355
1384,2004-09-01,525
1383,2004-08-31,512
1382,2004-08-30,601
1381,2004-08-27,558
1380,2004-08-26,983
1379,2004-08-25,717
1378,2004-08-24,200
1377,2004-08-23,66
1376,2004-08-20,114
1375,2004-08-19,281
1374,2004-08-18,5
1373,2004-08-17,611
1372,2004-08-16,383
1371,2004-08-13,822
1370,2004-08-12,497
1369,2004-08-11,955
1368,2004-08-10,480
1367,2004-08-09,451
1366,2004-08-06,112
1365,2004-08-05,970
1364,2004-08-04,843
1363,2004-08-03,844
1362,2004-08-02,286
1361,2004-07-30,223
1360,2004-07-29,109
1359,2004-07-28,973
1358,2004-07-27,166
1357,2004-07-26,883
1356,2004-07-23,998
1355,2004-07-22,78
1354,2004-07-21,590
1353,2004-07-20,931
1352,2004-07-19,562
1351,2004-07-16,240
1350,2004-07-15,632
1349,2004-07-14,498
1348,2004-07-13,821
1347,2004-07-12,18
1346,2004-07-09,765
1345,2004-07-08,994
1344,2004-07-07,342
1343,2004-07-06,879
1342,2004-07-05,543
1341,2004-07-02,670
1340,2004-07-01,597
1339,2004-06-30,902
1338,2004-06-28,837
1337,2004-06-25,814
1336,2004-06-23,206
1335,2004-06-21,462
1334,2004-06-18,236
1333,2004-06-16,134
1332,2004-06-14,978
1331,2004-06-11,859
1330,2004-06-09,76
1329,2004-06-07,554
1328,2004-06-04,376
1327,2004-06-02,215
1326,2004-05-31,673
1325,2004-05-28,226
1324,2004-05-26,855
1323,2004-05-24,302
1322,2004-05-21,784
1321,2004-05-19,490
1320,2004-05-17,452
1319,2004-05-14,567
1318,2004-05-12,308
1317,2004-05-10,737
1316,2004-05-07,953
1315,2004-05-05,758
1314,2004-05-03,653
1313,2004-04-30,671
1312,2004-04-28,764
1311,2004-04-26,922
1310,2004-04-23,842
1309,2004-04-21,374
1308,2004-04-19,733
1307,2004-04-16,900
1306,2004-04-14,563
1305,2004-04-12,936
1304,2004-04-09,308
1303,2004-04-07,330
1302,2004-04-05,189
1301,2004-04-02,820
1300,2004-03-31,590
1299,2004-03-29,211
1298,2004-03-26,174
1297,2004-03-24,526
1296,2004-03-22,893
1295,2004-03-19,170
1294,2004-03-17,558
1293,2004-03-15,0
1292,2004-03-12,725
1291,2004-03-10,517
1290,2004-03-08,162
1289,2004-03-05,407
1288,2004-03-03,30
1287,2004-03-01,745
1286,2004-02-27,51
1285,2004-02-25,119
1284,2004-02-23,990
1283,2004-02-20,513
1282,2004-02-18,204
1281,2004-02-16,40
1280,2004-02-13,822
1279,2004-02-11,583
1278,2004-02-09,465
1277,2004-02-06,777
1276,2004-02-04,869
1275,2004-02-02,427
1274,2004-01-30,281
1273,2004-01-28,337
1272,2004-01-26,68
1271,2004-01-23,320
1270,2004-01-21,4
1269,2004-01-19,136
1268,2004-01-16,445
1267,2004-01-14,121
1266,2004-01-12,884
1265,2004-01-09,409
1264,2004-01-07,669
1263,2004-01-05,491
1262,2003-12-29,471
1261,2003-12-26,724
1260,2003-12-24,21
1259,2003-12-22,606
1258,2003-12-19,188
1257,2003-12-17,239
1256,2003-12-15,80
1255,2003-12-12,958
1254,2003-12-10,58
1253,2003-12-08,353
1252,2003-12-05,936
1251,2003-12-03,106
1250,2003-12-01,276
1249,2003-11-28,455
1248,2003-11-26,504
1247,2003-11-24,54
1246,2003-11-21,518
1245,2003-11-19,704
1244,2003-11-17,651
1243,2003-11-14,622
1242,2003-11-12,175
1241,2003-11-10,930
1240,2003-11-07,798
1239,2003-11-05,348
1238,2003-11-03,891
1237,2003-10-31,852
1236,2003-10-29,885
1235,2003-10-27,235
1234,2003-10-24,796
1233,2003-10-22,738
1232,2003-10-20,317
1231,2003-10-17,260
1230,2003-10-15,274
1229,2003-10-13,842
1228,2003-10-10,899
1227,2003-10-08,953
1226,2003-10-06,337
1225,2003-10-03,913
1224,2003-10-01,495
1223,2003-09-29,784
1222,2003-09-26,267
1221,2003-09-24,496
1220,2003-09-22,118
1219,2003-09-19,825
1218,2003-09-17,933
1217,2003-09-15,279
1216,2003-09-12,221
1215,2003-09-10,979
1214,2003-09-08,911
1213,2003-09-05,415
1212,2003-09-03,638
1211,2003-09-01,304
1210,2003-08-29,162
1209,2003-08-27,612
1208,2003-08-25,160
1207,2003-08-22,958
1206,2003-08-20,943
1205,2003-08-18,766
1204,2003-08-15,820
1203,2003-08-13,989
1202,2003-08-11,459
1201,2003-08-08,957
1200,2003-08-06,944
1199,2003-08-04,152
1198,2003-08-01,547
1197,2003-07-30,695
1196,2003-07-28,897
1195,2003-07-25,416
1194,2003-07-23,438
1193,2003-07-21,686
1192,2003-07-18,664
1191,2003-07-16,269
1190,2003-07-14,556
1189,2003-07-11,463
1188,2003-07-09,865
1187,2003-07-07,184
1186,2003-07-04,422
1185,2003-07-02,342
1184,2003-06-30,749
1183,2003-06-27,609
1182,2003-06-25,903
1181,2003-06-23,346
1180,2003-06-20,44
1179,2003-06-18,889
1178,2003-06-16,996
1177,2003-06-13,441
1176,2003-06-11,608
1175,2003-06-09,493
1174,2003-06-06,170
1173,2003-06-04,271
1172,2003-06-02,20
1171,2003-05-30,581
1170,2003-05-28,617
1169,2003-05-26,400
1168,2003-05-23,280
1167,2003-05-21,183
1166,2003-05-19,254
1165,2003-05-16,644
1164,2003-05-14,835
1163,2003-05-12,990
1162,2003-05-09,366
1161,2003-05-07,577
1160,2003-05-05,831
1159,2003-05-02,806
1158,2003-04-30,971
1157,2003-04-28,41
1156,2003-04-25,198
1155,2003-04-23,309
1154,2003-04-21,142
1153,2003-04-18,687
1152,2003-04-16,177
1151,2003-04-14,714
1150,2003-04-11,831
1149,2003-04-09,511
1148,2003-04-07,16
1147,2003-04-04,428
1146,2003-04-02,442
1145,2003-03-31,126
1144,2003-03-28,999
1143,2003-03-26,129
1142,2003-03-24,540
1141,2003-03-21,917
1140,2003-03-19,757
1139,2003-03-17,72
1138,2003-03-14,250
1137,2003-03-12,233
1136,2003-03-10,410
1135,2003-03-07,887
1134,2003-03-05,251
1133,2003-03-03,36
1132,2003-02-28,418
1131,2003-02-26,210
1130,2003-02-24,36
1129,2003-02-21,264
1128,2003-02-19,956
1127,2003-02-17,554
1126,2003-02-14,361
1125,2003-02-12,820
1124,2003-02-10,818
1123,2003-02-07,687
1122,2003-02-05,702
1121,2003-02-03,996
1120,2003-01-31,789
1119,2003-01-29,264
1118,2003-01-27,816
1117,2003-01-24,718
1116,2003-01-22,409
1115,2003-01-20,703
1114,2003-01-17,685
1113,2003-01-15,735
1112,2003-01-13,417
1111,2003-01-10,850
1110,2003-01-08,904
1109,2003-01-06,739
1108,2002-12-30,407
1107,2002-12-27,519
1106,2002-12-25,821
1105,2002-12-23,748
1104,2002-12-20,386
1103,2002-12-18,270
1102,2002-12-16,15
1101,2002-12-13,232
1100,2002-12-11,390
1099,2002-12-09,180
1098,2002-12-06,53
1097,2002-12-04,188
1096,2002-12-02,601
1095,2002-11-29,289
1094,2002-11-27,798
1093,2002-11-25,782
1092,2002-11-22,779
1091,2002-11-20,621
1090,2002-11-18,549
1089,2002-11-15,670
1088,2002-11-13,305
1087,2002-11-11,299
1086,2002-11-08,750
1085,2002-11-06,175
1084,2002-11-04,721
1083,2002-11-01,334
1082,2002-10-30,486
1081,2002-10-28,465
1080,2002-10-25,410
1079,2002-10-23,438
1078,2002-10-21,408
1077,2002-10-18,294
1076,2002-10-16,954
1075,2002-10-14,567
1074,2002-10-11,866
1073,2002-10-09,461
1072,2002-10-07,382
1071,2002-10-04,910
1070,2002-10-02,853
1069,2002-09-30,670
1068,2002-09-27,330
1067,2002-09-25,259
1066,2002-09-23,571
1065,2002-09-20,385
1064,2002-09-18,228
1063,2002-09-16,966
1062,2002-09-13,165
1061,2002-09-11,995
1060,2002-09-09,966
1059,2002-09-06,879
1058,2002-09-04,347
1057,2002-09-02,137
1056,2002-08-30,646
1055,2002-08-28,552
1054,2002-08-26,911
1053,2002-08-23,670
1052,2002-08-21,642
1051,2002-08-19,538
1050,2002-08-16,290
1049,2002-08-14,6
1048,2002-08-12,602
1047,2002-08-09,165
1046,2002-08-07,676
1045,2002-08-05,267
1044,2002-08-02,883
1043,2002-07-31,844
1042,2002-07-29,647
1041,2002-07-26,526
1040,2002-07-24,108
1039,2002-07-22,258
1038,2002-07-19,143
1037,2002-07-17,925
1036,2002-07-15,524
1035,2002-07-12,67
1034,2002-07-10,249
1033,2002-07-08,466
1032,2002-07-05,404
1031,2002-07-03,216
1030,2002-07-01,260
1029,2002-06-28,825
1028,2002-06-26,441
1027,2002-06-24,794
1026,2002-06-21,554
1025,2002-06-19,793
1024,2002-06-17,423
1023,2002-06-14,224
1022,2002-06-12,463
1021,2002-06-10,642
1020,2002-06-07,140
1019,2002-06-05,546
1018,2002-06-03,749
1017,2002-05-31,463
1016,2002-05-29,810
1015,2002-05-27,922
1014,2002-05-24,758
1013,2002-05-22,199
1012,2002-05-20,690
1011,2002-05-17,813
1010,2002-05-15,695
1009,2002-05-13,699
1008,2002-05-10,381
1007,2002-05-08,297
1006,2002-05-06,233
1005,2002-05-03,215
1004,2002-05-01,629
1003,2002-04-29,241
1002,2002-04-26,324
1001,2002-04-24,828
1000,2002-04-22,165
999,2002-04-19,189
998,2002-04-17,851
997,2002-04-15,168
996,2002-04-12,931
995,2002-04-10,312
994,2002-04-08,658
993,2002-04-05,393
992,2002-04-03,124
991,2002-04-01,505
990,2002-03-29,543
989,2002-03-27,979
988,2002-03-25,241
987,2002-03-22,683
986,2002-03-20,505
985,2002-03-18,622
984,2002-03-15,824
983,2002-03-13,727
982,2002-03-11,71
981,2002-03-08,250
980,2002-03-06,420
979,2002-03-04,11
978,2002-03-01,158
977,2002-02-27,192
976,2002-02-25,0
975,2002-02-22,432
974,2002-02-20,795
973,2002-02-18,557
972,2002-02-15,337
971,2002-02-13,147
970,2002-02-11,749
969,2002-02-08,950
968,2002-02-06,181
967,2002-02-04,715
966,2002-02-01,832
965,2002-01-30,131
964,2002-01-28,230
963,2002-01-25,805
962,2002-01-23,559
961,2002-01-21,345
960,2002-01-18,60
959,2002-01-16,911
958,2002-01-14,454
957,2002-01-11,533
956,2002-01-09,981
955,2002-01-07,845
954,2002-01-04,103
953,2001-12-28,875
952,2001-12-26,549
951,2001-12-24,147
950,2001-12-21,707
949,2001-12-19,788
948,2001-12-17,478
947,2001-12-14,220
946,2001-12-12,361
945,2001-12-10,19
944,2001-12-07,937
943,2001-12-05,881
942,2001-12-03,614
941,2001-11-30,59
940,2001-11-28,188
939,2001-11-26,308
938,2001-11-23,603
937,2001-11-21,865
936,2001-11-19,666
935,2001-11-16,304
934,2001-11-14,361
933,2001-11-12,337
932,2001-11-09,471
931,2001-11-07,330
930,2001-11-05,905
929,2001-11-02,32
928,2001-10-31,848
927,2001-10-29,468
926,2001-10-26,373
925,2001-10-24,971
924,2001-10-22,511
923,2001-10-19,232
922,2001-10-17,893
921,2001-10-15,315
920,2001-10-12,498
919,2001-10-10,223
918,2001-10-08,997
917,2001-10-05,502
916,2001-10-03,276
915,2001-10-01,356
914,2001-09-28,737
913,2001-09-26,524
912,2001-09-24,891
911,2001-09-21,972
910,2001-09-19,947
909,2001-09-17,116
908,2001-09-14,42
907,2001-09-12,865
906,2001-09-10,202
905,2001-09-07,812
904,2001-09-05,5
903,2001-09-03,648
902,2001-08-31,377
901,2001-08-29,694
900,2001-08-27,88
899,2001-08-24,350
898,2001-08-22,980
897,2001-08-20,55
896,2001-08-17,108
895,2001-08-15,614
894,2001-08-13,592
893,2001-08-10,184
892,2001-08-08,353
891,2001-08-06,254
890,2001-08-03,332
889,2001-08-01,139
888,2001-07-30,691
887,2001-07-27,672
886,2001-07-25,302
885,2001-07-23,307
884,2001-07-20,388
883,2001-07-18,745
882,2001-07-16,703
881,2001-07-13,494
880,2001-07-11,678
879,2001-07-09,908
878,2001-07-06,318
877,2001-07-04,589
876,2001-07-02,845
875,2001-06-29,778
874,2001-06-27,454
873,2001-06-25,367
872,2001-06-22,755
871,2001-06-20,639
870,2001-06-18,772
869,2001-06-15,245
868,2001-06-13,634
867,2001-06-11,432
866,2001-06-08,571
865,2001-06-06,329
864,2001-06-04,426
863,2001-06-01,585
862,2001-05-30,883
861,2001-05-28,931
860,2001-05-25,963
859,2001-05-23,400
858,2001-05-21,510
857,2001-05-18,921
856,2001-05-16,99
855,2001-05-14,939
854,2001-05-11,112
853,2001-05-09,363
852,2001-05-07,57
851,2001-05-04,717
850,2001-05-02,646
849,2001-04-30,539
848,2001-04-27,98
847,2001-04-25,473
846,2001-04-23,531
845,2001-04-20,274
844,2001-04-18,170
843,2001-04-16,768
842,2001-04-13,219
841,2001-04-11,306
840,2001-04-09,59
839,2001-04-06,679
838,2001-04-04,524
837,2001-04-02,539
836,2001-03-30,926
835,2001-03-28,309
834,2001-03-26,594
833,2001-03-23,826
832,2001-03-21,626
831,2001-03-19,764
830,2001-03-16,247
829,2001-03-14,442
828,2001-03-12,939
827,2001-03-09,802
826,2001-03-07,823
825,2001-03-05,339
824,2001-03-02,102
823,2001-02-28,535
822,2001-02-26,459
821,2001-02-23,292
820,2001-02-21,33
819,2001-02-19,369
818,2001-02-16,427
817,2001-02-14,922
816,2001-02-12,650
815,2001-02-09,839
814,2001-02-07,873
813,2001-02-05,96
812,2001-02-02,614
811,2001-01-31,559
810,2001-01-29,929
809,2001-01-26,127
808,2001-01-24,296
807,2001-01-22,122
806,2001-01-19,221
805,2001-01-17,224
804,2001-01-15,331
803,2001-01-12,405
802,2001-01-10,468
801,2001-01-08,793
800,2001-01-05,817
799,2000-12-29,953
798,2000-12-27,477
797,2000-12-25,418
796,2000-12-22,360
795,2000-12-20,461
794,2000-12-18,199
793,2000-12-15,685
792,2000-12-13,220
791,2000-12-11,552
790,2000-12-08,807
789,2000-12-06,787
788,2000-12-04,433
787,2000-12-01,221
786,2000-11-29,160
785,2000-11-27,908
784,2000-11-24,703
783,2000-11-22,924
782,2000-11-20,14
781,2000-11-17,472
780,2000-11-15,33
779,2000-11-13,167
778,2000-11-10,226
777,2000-11-08,237
776,2000-11-06,302
775,2000-11-03,923
774,2000-11-01,80
773,2000-10-30,811
772,2000-10-27,574
771,2000-10-25,522
770,2000-10-23,325
769,2000-10-20,220
768,2000-10-18,192
767,2000-10-16,618
766,2000-10-13,835
765,2000-10-11,117
764,2000-10-09,94
763,2000-10-06,610
762,2000-10-04,804
761,2000-10-02,805
760,2000-09-29,699
759,2000-09-27,548
758,2000-09-25,88
757,2000-09-22,375
756,2000-09-20,386
755,2000-09-18,982
754,2000-09-15,307
753,2000-09-13,208
752,2000-09-11,370
751,2000-09-08,266
750,2000-09-06,912
749,2000-09-04,920
748,2000-09-01,617
747,2000-08-30,831
746,2000-08-27,134
745,2000-08-25,31
744,2000-08-23,946
743,2000-08-21,854
742,2000-08-18,286
741,2000-08-16,54
740,2000-08-14,602
739,2000-08-11,918
738,2000-08-09,65
737,2000-08-07,821
736,2000-08-04,603
735,2000-08-02,610
734,2000-07-31,496
733,2000-07-28,179
732,2000-07-26,715
731,2000-07-24,808
730,2000-07-21,974
729,2000-07-19,189
728,2000-07-17,743
727,2000-07-14,125
726,2000-07-12,629
725,2000-07-10,397
724,2000-07-07,376
723,2000-07-05,739
722,2000-07-03,214
721,2000-06-30,889
720,2000-06-28,217
719,2000-06-26,234
718,2000-06-23,241
717,2000-06-21,743
716,2000-06-19,469
715,2000-06-16,40
714,2000-06-14,943
713,2000-06-12,620
712,2000-06-09,428
711,2000-06-07,755
710,2000-06-05,114
709,2000-06-02,762
708,2000-05-31,337
707,2000-05-29,851
706,2000-05-26,948
705,2000-05-24,94
704,2000-05-22,869
703,2000-05-19,424
702,2000-05-17,993
701,2000-05-15,883
700,2000-05-12,232
699,2000-05-10,278
698,2000-05-08,907
697,2000-05-05,971
696,2000-05-03,3
695,2000-05-01,797
694,2000-04-28,900
693,2000-04-26,94
692,2000-04-24,548
691,2000-04-21,132
690,2000-04-19,274
689,2000-04-17,42
688,2000-04-14,232
687,2000-04-12,751
686,2000-04-10,790
685,2000-04-07,947
684,2000-04-05,715
683,2000-04-03,632
682,2000-03-31,973
681,2000-03-29,503
680,2000-03-27,277
679,2000-03-24,261
678,2000-03-22,628
677,2000-03-20,68
676,2000-03-17,830
675,2000-03-15,944
674,2000-03-13,478
673,2000-03-10,385
672,2000-03-08,916
671,2000-03-06,682
670,2000-03-03,811
669,2000-03-01,367
668,2000-02-28,157
667,2000-02-25,943
666,2000-02-23,277
665,2000-02-21,297
664,2000-02-18,195
663,2000-02-16,70
662,2000-02-14,646
661,2000-02-11,81
660,2000-02-09,875
659,2000-02-07,649
658,2000-02-04,553
657,2000-02-02,959
656,2000-01-31,28
655,2000-01-28,798
654,2000-01-26,507
653,2000-01-24,37
652,2000-01-21,258
651,2000-01-19,345
650,2000-01-17,969
649,2000-01-14,282
648,2000-01-12,44
647,2000-01-10,175
646,2000-01-07,732
645,2000-01-05,584
644,1999-12-29,949
643,1999-12-27,364
642,1999-12-24,433
641,1999-12-22,636
640,1999-12-20,908
639,1999-12-17,783
638,1999-12-15,951
637,1999-12-13,633
636,1999-12-10,403
635,1999-12-08,669
634,1999-12-06,382
633,1999-12-03,446
632,1999-12-01,182
631,1999-11-29,194
630,1999-11-26,223
629,1999-11-24,118
628,1999-11-22,201
627,1999-11-19,472
626,1999-11-17,588
625,1999-11-15,546
624,1999-11-12,675
623,1999-11-10,308
622,1999-11-08,639
621,1999-11-05,44
620,1999-11-03,866
619,1999-11-01,567
618,1999-10-29,279
617,1999-10-27,92
616,1999-10-25,475
615,1999-10-22,142
614,1999-10-20,369
613,1999-10-18,591
612,1999-10-15,730
611,1999-10-13,801
610,1999-10-11,337
609,1999-10-08,178
608,1999-10-06,964
607,1999-10-04,405
606,1999-10-01,638
605,1999-09-29,30
604,1999-09-27,939
603,1999-09-24,699
602,1999-09-22,979
601,1999-09-20,421
600,1999-09-17,752
599,1999-09-15,554
598,1999-09-13,306
597,1999-09-10,429
596,1999-09-08,193
595,1999-09-06,162
594,1999-09-03,130
593,1999-09-01,829
592,1999-08-30,36
591,1999-08-27,46
590,1999-08-25,947
589,1999-08-23,485
588,1999-08-20,652
587,1999-08-18,569
586,1999-08-16,207
585,1999-08-13,365
584,1999-08-11,85
583,1999-08-09,850
582,1999-08-06,315
581,1999-08-04,160
580,1999-08-02,385
579,1999-07-30,588
578,1999-07-28,398
577,1999-07-26,228
576,1999-07-23,487
575,1999-07-21,939
574,1999-07-19,910
573,1999-07-16,597
572,1999-07-14,731
571,1999-07-12,798
570,1999-07-09,587
569,1999-07-07,49
568,1999-07-05,953
567,1999-07-02,433
566,1999-06-30,906
565,1999-06-28,982
564,1999-06-25,732
563,1999-06-23,80
562,1999-06-21,382
561,1999-06-18,190
560,1999-06-16,57
559,1999-06-14,297
558,1999-06-11,666
557,1999-06-09,443
556,1999-06-07,331
555,1999-06-04,602
554,1999-06-02,355
553,1999-05-31,19
552,1999-05-28,993
551,1999-05-26,300
550,1999-05-24,666
549,1999-05-21,450
548,1999-05-19,411
547,1999-05-17,806
546,1999-05-14,98
545,1999-05-12,838
544,1999-05-10,269
543,1999-05-07,362
542,1999-05-05,614
541,1999-05-03,33
540,1999-04-30,154
539,1999-04-28,435
538,1999-04-26,628
537,1999-04-23,998
536,1999-04-21,951
535,1999-04-19,205
534,1999-04-16,432
533,1999-04-14,200
532,1999-04-12,277
531,1999-04-09,835
530,1999-04-07,719
529,1999-04-05,413
528,1999-04-02,743
527,1999-03-31,593
526,1999-03-29,357
525,1999-03-26,919
524,1999-03-24,36
523,1999-03-22,532
522,1999-03-19,73
521,1999-03-17,535
520,1999-03-15,493
519,1999-03-12,658
518,1999-03-10,402
517,1999-03-08,287
516,1999-03-05,583
515,1999-03-03,286
514,1999-03-01,122
513,1999-02-26,900
512,1999-02-24,947
511,1999-02-22,914
510,1999-02-19,253
509,1999-02-17,831
508,1999-02-15,295
507,1999-02-12,172
506,1999-02-10,993
505,1999-02-08,480
504,1999-02-05,947
503,1999-02-03,782
502,1999-02-01,929
501,1999-01-29,640
500,1999-01-27,679
499,1999-01-25,12
498,1999-01-22,211
497,1999-01-20,595
496,1999-01-18,28
495,1999-01-15,827
494,1999-01-13,153
493,1999-01-11,385
492,1999-01-08,931
491,1999-01-06,995
490,1999-01-04,634
489,1998-12-30,618
488,1998-12-28,115
487,1998-12-25,856
486,1998-12-23,932
485,1998-12-21,485
484,1998-12-18,899
483,1998-12-16,75
482,1998-12-14,818
481,1998-12-11,550
480,1998-12-09,335
479,1998-12-07,962
478,1998-12-04,277
477,1998-12-02,498
476,1998-11-30,111
475,1998-11-27,583
474,1998-11-25,41
473,1998-11-23,407
472,1998-11-20,616
471,1998-11-18,301
470,1998-11-16,577
469,1998-11-13,949
468,1998-11-11,687
467,1998-11-09,882
466,1998-11-06,256
465,1998-11-04,95
464,1998-11-02,86
463,1998-10-30,994
462,1998-10-28,292
461,1998-10-26,190
460,1998-10-23,150
459,1998-10-21,620
458,1998-10-19,383
457,1998-10-16,189
456,1998-10-14,887
455,1998-10-12,612
454,1998-10-09,713
453,1998-10-07,102
452,1998-10-05,666
451,1998-10-02,423
450,1998-09-30,33
449,1998-09-28,48
448,1998-09-25,785
447,1998-09-23,453
446,1998-09-21,531
445,1998-09-18,87
444,1998-09-16,107
443,1998-09-14,198
442,1998-09-11,174
441,1998-09-09,196
440,1998-09-07,520
439,1998-09-04,605
438,1998-09-02,235
437,1998-08-31,727
436,1998-08-28,244
435,1998-08-26,161
434,1998-08-24,698
433,1998-08-21,255
432,1998-08-19,163
431,1998-08-17,219
430,1998-08-14,652
429,1998-08-12,641
428,1998-08-10,512
427,1998-08-07,159
426,1998-08-05,618
425,1998-08-03,535
424,1998-07-31,43
423,1998-07-29,367
422,1998-07-27,495
421,1998-07-24,402
420,1998-07-22,427
419,1998-07-20,723
418,1998-07-17,429
417,1998-07-15,371
416,1998-07-13,1
415,1998-07-10,834
414,1998-07-08,737
413,1998-07-06,910
412,1998-07-03,514
411,1998-07-01,636
410,1998-06-29,866
409,1998-06-26,400
408,1998-06-24,237
407,1998-06-22,42
406,1998-06-19,222
405,1998-06-17,891
404,1998-06-15,109
403,1998-06-12,431
402,1998-06-10,58
401,1998-06-08,354
400,1998-06-05,596
399,1998-06-03,816
398,1998-06-01,274
397,1998-05-29,345
396,1998-05-27,963
395,1998-05-25,440
394,1998-05-22,729
393,1998-05-20,29
392,1998-05-18,426
391,1998-05-15,66
390,1998-05-13,956
389,1998-05-11,275
388,1998-05-08,227
387,1998-05-06,396
386,1998-05-04,578
385,1998-05-01,332
384,1998-04-29,690
383,1998-04-27,81
382,1998-04-24,606
381,1998-04-22,885
380,1998-04-20,820
379,1998-04-17,649
378,1998-04-15,75
377,1998-04-13,155
376,1998-04-10,274
375,1998-04-08,994
374,1998-04-06,409
373,1998-04-03,417
372,1998-04-01,202
371,1998-03-30,798
370,1998-03-27,91
369,1998-03-25,135
368,1998-03-23,805
367,1998-03-20,778
366,1998-03-18,841
365,1998-03-16,887
364,1998-03-13,908
363,1998-03-11,458
362,1998-03-09,640
361,1998-03-06,965
360,1998-03-04,965
359,1998-03-02,277
358,1998-02-27,469
357,1998-02-25,756
356,1998-02-23,852
355,1998-02-20,487
354,1998-02-18,750
353,1998-02-16,996
352,1998-02-13,38
351,1998-02-11,417
350,1998-02-09,638
349,1998-02-06,431
348,1998-02-04,394
347,1998-02-02,718
346,1998-01-30,0
345,1998-01-28,513
344,1998-01-26,35
343,1998-01-23,997
342,1998-01-21,686
341,1998-01-19,259
340,1998-01-16,992
339,1998-01-14,152
338,1998-01-12,704
337,1998-01-09,632
336,1998-01-07,551
335,1998-01-05,950
334,1997-12-29,480
333,1997-12-26,238
332,1997-12-24,167
331,1997-12-22,196
330,1997-12-19,179
329,1997-12-17,543
328,1997-12-15,736
327,1997-12-12,980
326,1997-12-10,930
325,1997-12-08,531
324,1997-12-05,805
323,1997-12-03,375
322,1997-12-01,64
321,1997-11-28,429
320,1997-11-26,598
319,1997-11-24,395
318,1997-11-21,537
317,1997-11-19,190
316,1997-11-17,218
315,1997-11-14,137
314,1997-11-12,242
313,1997-11-10,69
312,1997-11-07,68
311,1997-11-05,104
310,1997-11-03,575
309,1997-10-31,777
308,1997-10-29,519
307,1997-10-27,690
306,1997-10-24,748
305,1997-10-22,367
304,1997-10-20,399
303,1997-10-17,497
302,1997-10-15,1
301,1997-10-13,330
300,1997-10-10,126
299,1997-10-08,155
298,1997-10-06,104
297,1997-10-03,144
296,1997-09-30,880
295,1997-09-26,75
294,1997-09-23,107
293,1997-09-19,663
292,1997-09-16,737
291,1997-09-12,85
290,1997-09-09,167
289,1997-09-05,838
288,1997-09-02,144
287,1997-08-29,925
286,1997-08-26,272
285,1997-08-22,760
284,1997-08-19,588
283,1997-08-15,940
282,1997-08-12,743
281,1997-08-08,907
280,1997-08-05,326
279,1997-08-01,891
278,1997-07-29,877
277,1997-07-25,632
276,1997-07-22,385
275,1997-07-18,806
274,1997-07-15,854
273,1997-07-11,526
272,1997-07-08,783
271,1997-07-04,823
270,1997-07-01,793
269,1997-06-27,782
268,1997-06-24,24
267,1997-06-20,93
266,1997-06-17,972
265,1997-06-13,928
264,1997-06-10,362
263,1997-06-06,839
262,1997-06-03,42
261,1997-05-30,596
260,1997-05-27,61
259,1997-05-23,216
258,1997-05-20,447
257,1997-05-16,935
256,1997-05-13,88
255,1997-05-09,770
254,1997-05-06,238
253,1997-05-02,616
252,1997-04-29,4
251,1997-04-25,227
250,1997-04-22,180
249,1997-04-18,624
248,1997-04-15,193
247,1997-04-11,537
246,1997-04-08,593
245,1997-04-04,827
244,1997-04-01,140
243,1997-03-28,608
242,1997-03-25,66
241,1997-03-21,400
240,1997-03-18,229
239,1997-03-14,741
238,1997-03-11,414
237,1997-03-07,648
236,1997-03-04,830
235,1997-02-28,582
234,1997-02-25,317
233,1997-02-21,65
232,1997-02-18,945
231,1997-02-14,523
230,1997-02-11,383
229,1997-02-07,409
228,1997-02-04,14
227,1997-01-31,188
226,1997-01-28,952
225,1997-01-24,751
224,1997-01-21,466
223,1997-01-17,333
222,1997-01-14,227
221,1997-01-10,514
220,1997-01-07,112
219,1996-12-27,260
218,1996-12-24,594
217,1996-12-20,712
216,1996-12-17,337
215,1996-12-13,215
214,1996-12-10,870
213,1996-12-06,502
212,1996-12-03,151
211,1996-11-29,22
210,1996-11-26,192
209,1996-11-22,920
208,1996-11-19,781
207,1996-11-15,413
206,1996-11-12,938
205,1996-11-08,531
204,1996-11-05,211
203,1996-11-01,93
202,1996-10-29,676
201,1996-10-25,176
200,1996-10-22,411
199,1996-10-18,269
198,1996-10-15,374
197,1996-10-11,728
196,1996-10-08,907
195,1996-10-04,819
194,1996-10-01,812
193,1996-09-27,656
192,1996-09-24,21
191,1996-09-20,424
190,1996-09-17,170
189,1996-09-13,199
188,1996-09-10,254
187,1996-09-06,975
186,1996-09-03,439
185,1996-08-30,882
184,1996-08-27,492
183,1996-08-23,589
182,1996-08-20,439
181,1996-08-16,890
180,1996-08-13,632
179,1996-08-09,168
178,1996-08-06,464
177,1996-08-02,845
176,1996-07-30,203
175,1996-07-26,683
174,1996-07-23,967
173,1996-07-19,581
172,1996-07-16,355
171,1996-07-12,679
170,1996-07-09,574
169,1996-07-05,351
168,1996-07-02,107
167,1996-06-28,233
166,1996-06-25,331
165,1996-06-21,563
164,1996-06-18,198
163,1996-06-14,648
162,1996-06-11,516
161,1996-06-07,284
160,1996-06-04,839
159,1996-05-31,259
158,1996-05-28,604
157,1996-05-24,570
156,1996-05-21,991
155,1996-05-17,126
154,1996-05-14,791
153,1996-05-10,750
152,1996-05-07,224
151,1996-05-03,332
150,1996-04-30,538
149,1996-04-26,3
148,1996-04-23,489
147,1996-04-19,464
146,1996-04-16,766
145,1996-04-12,125
144,1996-04-09,594
143,1996-04-05,694
142,1996-04-02,77
141,1996-03-29,783
140,1996-03-26,54
139,1996-03-22,356
138,1996-03-19,995
137,1996-03-15,819
136,1996-03-12,295
135,1996-03-08,454
134,1996-03-05,603
133,1996-03-01,926
132,1996-02-27,16
131,1996-02-23,820
130,1996-02-20,559
129,1996-02-16,620
128,1996-02-13,855
127,1996-02-11,217
126,1996-02-06,318
125,1996-02-02,409
124,1996-01-30,863
123,1996-01-26,513
122,1996-01-23,458
121,1996-01-19,439
120,1996-01-16,650
119,1996-01-12,952
118,1996-01-09,635
117,1996-01-05,952
116,1995-12-29,366
115,1995-12-26,770
114,1995-12-22,205
113,1995-12-19,744
112,1995-12-15,167
111,1995-12-12,56
110,1995-12-08,385
109,1995-12-05,191
108,1995-12-01,254
107,1995-11-28,82
106,1995-11-24,86
105,1995-11-21,619
104,1995-11-17,610
103,1995-11-14,824
102,1995-11-10,560
101,1995-11-07,945
100,1995-11-03,899
99,1995-10-31,571
98,1995-10-27,562
97,1995-10-24,988
96,1995-10-20,944
95,1995-10-17,306
94,1995-10-13,933
93,1995-10-10,910
92,1995-10-06,957
91,1995-10-03,168
90,1995-09-29,689
89,1995-09-26,697
88,1995-09-22,739
87,1995-09-19,370
86,1995-09-15,864
85,1995-09-12,307
84,1995-09-08,882
83,1995-09-05,174
82,1995-09-01,144
81,1995-08-29,269
80,1995-08-25,882
79,1995-08-22,310
78,1995-08-18,241
77,1995-08-15,972
76,1995-08-11,238
75,1995-08-08,283
74,1995-08-04,174
73,1995-08-01,452
72,1995-07-28,879
71,1995-07-25,661
70,1995-07-21,963
69,1995-07-18,902
68,1995-07-14,750
67,1995-07-11,512
66,1995-07-07,512
65,1995-07-04,588
64,1995-06-30,260
63,1995-06-27,251
62,1995-06-23,725
61,1995-06-20,542
60,1995-06-16,980
59,1995-06-13,410
58,1995-06-09,383
57,1995-06-06,836
56,1995-06-02,929
55,1995-05-30,728
54,1995-05-26,226
53,1995-05-23,889
52,1995-05-19,717
51,1995-05-16,802
50,1995-05-12,42
49,1995-05-09,476
48,1995-05-05,202
47,1995-05-02,989
46,1995-04-28,298
45,1995-04-25,970
44,1995-04-21,697
43,1995-04-18,922
42,1995-04-14,228
41,1995-04-11,48
40,1995-04-07,304
39,1995-04-04,587
38,1995-03-31,389
37,1995-03-28,168
36,1995-03-24,405
35,1995-03-21,333
34,1995-03-17,634
33,1995-03-14,63
32,1995-03-10,547
31,1995-03-07,73
30,1995-03-03,725
29,1995-02-28,589
28,1995-02-24,789
27,1995-02-21,917
26,1995-02-17,984
25,1995-02-14,458
24,1995-02-10,39
23,1995-02-07,912
22,1995-02-03,951
21,1995-01-31,558
20,1995-01-27,502
19,1995-01-24,852
18,1995-01-20,291
17,1995-01-17,475
16,1995-01-13,179
15,1995-01-10,19
14,1995-01-06,743
13,1994-12-30,229
12,1994-12-23,247
11,1994-12-16,326
10,1994-12-09,340
9,1994-12-02,243
8,1994-11-25,234
7,1994-11-18,708
6,1994-11-11,792
5,1994-11-04,592
4,1994-10-28,105
3,1994-10-21,194
2,1994-10-14,988
1,1994-10-07,191
